x	y	aper	diag	Ha	Hb	OIII	SII	NIIa	SIIa	SIIb	NII	dens_5000.0	dens_10000.0	dens_30000.0	dens_50000.0	vel
574.57672	178.35918	4.46	['SII-NII' 'NII-OIII' 'SII-OIII' 'NII-SII-OIII' 'SII-Ha']	8.762004815982823e-16	2.151129030855406e-16	5.953083849970395e-16	5.164834963315515e-16	2.3006071519585923e-16	2.9716524109234666e-16	2.193182552392048e-16	3.0786075658555663e-16	83.4683825107768	95.1912234049912	70.05225445653043	62.785548240504255	159.94093712642558
616.24913	110.71866	12.066243	['SII-NII' '' 'SII-OIII' 'NII-SII-OIII' '']	5.481932230876634e-15	1.6125433901739248e-15	1.1932854418757213e-15	2.169897017349026e-15	1.1789546790481838e-15	1.2771910931973808e-15	8.927059241516452e-16	1.5776438804985017e-15	29.169078621515443	21.465841542591217	nan	nan	246.4484624702838
389.8469	75.1088	3.8893321	['SII-NII' '' 'SII-OIII' 'NII-SII-OIII' 'SII-Ha']	1.9128450162155844e-16	7.169596834263833e-17	8.224718411659712e-17	9.226279553657776e-17	3.98867195639354e-17	5.361428624152002e-17	3.8648509295057736e-17	5.337528248669068e-17	58.74815319686114	62.785548240504255	16.146768263076986	nan	137.44349582741836
698.2226	67.0972	8.8978187	['SII-NII' '' 'SII-OIII' 'NII-SII-OIII' '']	1.577735944407047e-15	4.911454313979553e-16	5.728536156566576e-16	5.3567584282036935e-16	2.9326028721469707e-16	3.1743091361009847e-16	2.1824492921027085e-16	3.9243264032085065e-16	13.55144888388915	1.0	nan	nan	139.95686519596833
675.1841	55.666	9.7491668	['SII-NII' 'NII-OIII' 'SII-OIII' 'NII-SII-OIII' 'SII-Ha']	1.2304239226068318e-15	3.314756382232485e-16	5.70077721912055e-16	6.165623906326479e-16	2.919420635669111e-16	3.646650884847909e-16	2.5189730214785703e-16	3.906686306366643e-16	17.625260839407403	6.7233575364993365	nan	nan	138.1670288566051
986.6986	49.924	2.7	['SII-NII' '' 'SII-OIII' 'NII-SII-OIII' 'SII-Ha']	6.820882259980557e-16	1.9468587223290978e-16	2.0396383802522296e-16	3.8054502220951104e-16	1.8415578538377332e-16	2.2101550178519293e-16	1.5952952042431816e-16	2.464320749832924e-16	60.09449923536018	65.59710319611352	19.665182383298276	nan	116.13251070135652
971.2775	56.5092	3.7706615	['SII-NII' '' 'SII-OIII' 'NII-SII-OIII' 'SII-Ha']	2.211283626411433e-15	5.533050954686306e-16	4.968462563633857e-16	2.69058591957084e-15	6.80205177519888e-16	1.4959062530592793e-15	1.194679666511561e-15	9.10231372646166e-16	171.96260170078793	219.30846432559773	272.3931581773022	324.56080816314216	91.42905511222307
864.4896	53.0863	7.6564016	['SII-NII' '' 'SII-OIII' 'NII-SII-OIII' '']	7.910217932856646e-16	2.308165081779484e-16	1.9511580820105947e-16	3.083981330612757e-16	1.531409585035463e-16	1.8150329806400472e-16	1.2689483499727095e-16	2.0492890891433546e-16	29.169078621515443	21.465841542591217	nan	nan	134.06958901391215
530.168	31.9019	4.4565444	['' 'NII-OIII' 'SII-OIII' 'NII-SII-OIII' '']	1.5670414268158216e-15	4.749542237288793e-16	1.661659145040654e-15	2.7341493216451924e-16	2.473702989228289e-16	1.5870021436192222e-16	1.1471471780259704e-16	3.310239530392806e-16	61.56462747162732	67.04974743148651	23.95026619987486	1.0	174.45064923319927
643.9372	28.5124	3.857	['SII-NII' '' 'SII-OIII' 'NII-SII-OIII' 'SII-Ha']	2.2623536963185432e-17	7.105906559381974e-18	6.270361474956689e-18	1.4648506834136832e-17	3.499223763918544e-18	7.499986012500667e-18	7.148520821636166e-18	4.6825624901018e-18	438.7071887566721	586.3179291686442	857.2857195231002	1091.6689114384876	309.4269742195373
594.8268	25.8376	3.2147153	['SII-NII' 'NII-OIII' 'SII-OIII' 'NII-SII-OIII' '']	1.7513833828711641e-16	4.424591453084556e-17	1.5854792251063336e-16	4.339645509616819e-17	2.685049148512635e-17	2.6292523983852724e-17	1.7103931112315466e-17	3.5930569963966733e-17	nan	nan	nan	nan	204.0655774392423
705.2496	22.9285	2.404	['SII-NII' '' 'SII-OIII' 'NII-SII-OIII' 'SII-Ha']	2.641406612170387e-17	1.0406660312504081e-17	4.539768453835877e-18	1.829762228975339e-17	6.941530746017388e-18	1.055192948745839e-17	7.745692802294998e-18	9.288960549007631e-18	76.46664874780345	87.20612074929505	57.518791179702525	45.20353656360243	103.47690087302519
184.1164	17.6769	4.69	['SII-NII' 'NII-OIII' 'SII-OIII' 'NII-SII-OIII' 'SII-Ha']	4.876006470341104e-16	1.3637984796398588e-16	1.896495040490665e-16	2.509699175638377e-16	1.2870914854269692e-16	1.4804576500883343e-16	1.0292415255500428e-16	1.7223495030911153e-16	23.95026619987486	14.792298832740345	nan	nan	126.94341864410666
334.0711	17.0304	2.993	['SII-NII' 'NII-OIII' 'SII-OIII' 'NII-SII-OIII' '']	2.345879068847338e-16	7.445301518437736e-17	3.190205681282072e-16	6.751826993786811e-17	3.6111356419139955e-17	4.142515319288299e-17	2.6093116744985118e-17	4.832319806996419e-17	nan	nan	nan	nan	291.72178434413837
237.4113	14.7955	5.128	['SII-NII' '' 'SII-OIII' 'NII-SII-OIII' 'SII-Ha']	1.1407652018333705e-16	3.71459989336006e-17	1.3710821697177248e-17	8.569623760877664e-17	2.3582058018291545e-17	5.642872200191708e-17	2.926751560685956e-17	3.1556844536343505e-17	nan	nan	nan	nan	148.90641283762645
959.0549	15.9368	5.3468539	['SII-NII' '' 'SII-OIII' 'NII-SII-OIII' 'SII-Ha']	9.192110945953751e-17	3.0326061576324256e-17	3.0638980093092565e-17	4.5256257849123475e-17	2.5513125085936272e-17	2.5713484084221727e-17	1.9542773764901748e-17	3.414094399007439e-17	113.42186641212268	138.13672512715183	141.51604773835354	157.53754255768436	119.2447245698639
658.8727	12.044	3.35	['SII-NII' 'NII-OIII' 'SII-OIII' 'NII-SII-OIII' 'SII-Ha']	5.304193521793557e-17	8.441788730144244e-18	1.5132914489433914e-17	2.33494551759988e-17	1.1189586874521773e-17	1.2952127353562737e-17	1.0397327822436063e-17	1.4973589376775483e-17	179.66313659361543	228.09316092783988	284.5910023501971	342.69934990193224	126.89955841132445
202.286	25.407	3.367	['SII-NII' '' 'SII-OIII' 'NII-SII-OIII' '']	3.969646394373043e-17	1.3290550608238045e-17	1.3911278581205674e-17	1.550324892151377e-17	8.028480510056874e-18	1.1746711942413811e-17	3.7565369790999604e-18	1.0743486048690646e-17	nan	nan	nan	nan	132.9675409550972
616.7679	17.5497	2.679	['SII-NII' '' 'SII-OIII' 'NII-SII-OIII' 'SII-Ha']	1.480864573432098e-17	2.135000398857187e-18	1.5655861692599682e-18	1.2962437070647814e-17	4.106759993814616e-18	7.565466469093489e-18	5.396970601554326e-18	5.4955503278111176e-18	48.27362019663342	48.27362019663342	nan	nan	92.62512762637743
574.984	44.2983	2.844	['SII-NII' 'NII-OIII' 'SII-OIII' 'NII-SII-OIII' 'SII-Ha']	2.682939577913302e-16	6.969615895309683e-17	1.7207891118531464e-16	2.088086145462018e-16	1.1636988957502066e-16	9.010561607911498e-17	1.1870299846708683e-16	1.5572290218190354e-16	1415.5613534657787	1904.7556558141848	2922.972685951937	3756.0062913444685	110.29169506049459
594.1961	50.9967	3.7371168	['SII-NII' '' 'SII-OIII' 'NII-SII-OIII' 'SII-Ha']	1.050698778439706e-16	2.977351280559893e-17	3.207041704089647e-17	5.56065144631303e-17	2.5841933147144954e-17	3.4846088748748426e-17	2.076042571438187e-17	3.45809456583686e-17	nan	nan	nan	nan	117.91691986744979
370.5566	43.1349	3.23	['SII-NII' '' 'SII-OIII' 'NII-SII-OIII' 'SII-Ha']	3.321133658573508e-17	7.056394775605995e-18	7.156211669167365e-18	1.3293559385045536e-17	5.401054443329749e-18	5.317261987442852e-18	7.976297397602684e-18	7.227538634171854e-18	2262.7005685656927	3030.88570959951	4605.648903011777	5878.144138644298	212.81252294586955
698.3193	44.6431	2.881	['SII-NII' '' 'SII-OIII' 'NII-SII-OIII' 'SII-Ha']	2.1568440491766014e-17	5.455838697681592e-18	3.2034404571572394e-18	1.1981739122743137e-17	3.8625029990975964e-18	6.7709779306126256e-18	5.210761192130512e-18	5.168692510600214e-18	128.6694910906206	157.53754255768436	171.96260170078793	196.1141445827077	198.68258095994435
970.0449	104.0099	6.7735704	['SII-NII' '' 'SII-OIII' 'NII-SII-OIII' 'SII-Ha']	1.4418959731301405e-15	4.199438295743191e-16	3.602907083551361e-16	7.316172787267653e-16	2.88298442102772e-16	4.296545224705114e-16	3.0196275625625397e-16	3.85792839219141e-16	34.75542408672053	29.169078621515443	nan	nan	128.13790150584245
434.5745	74.5998	7.532	['SII-NII' '' 'SII-OIII' 'NII-SII-OIII' '']	6.201277507699322e-16	2.0440780484417372e-16	1.6000954145415133e-16	2.4329937011907263e-16	1.1778787815857525e-16	1.4333507826577748e-16	9.996429185329514e-17	1.5762041448769264e-16	26.722234481547595	18.822313745983234	nan	nan	135.6668734523954
482.98071	216.89661	3.9907236	['SII-NII' '' 'SII-OIII' 'NII-SII-OIII' 'SII-Ha']	1.5482095833446429e-15	4.2224430708414625e-16	2.6335615724490285e-16	7.348457012721876e-16	4.532498902225803e-16	4.255425825033392e-16	3.0930311876884825e-16	6.065262120368977e-16	67.04974743148651	73.18921461198543	35.52508103782977	16.146768263076986	178.6242999629735
408.3687	75.1064	3.837	['SII-NII' 'NII-OIII' 'SII-OIII' 'NII-SII-OIII' 'SII-Ha']	1.6334017829904259e-16	4.616382593142232e-17	6.77468089061322e-17	1.0711278502749053e-16	4.025056889301975e-17	6.400464594567489e-17	4.310813908181564e-17	5.386217539076472e-17	nan	nan	nan	nan	129.52354745802208
376.3844	84.1134	3.884	['SII-NII' 'NII-OIII' 'SII-OIII' 'NII-SII-OIII' '']	3.195091128990172e-16	1.0143184793209387e-16	1.9170791372270156e-16	1.119197257770317e-16	6.261554694657225e-17	6.223139208859072e-17	4.968833368844098e-17	8.379035786522294e-17	171.96260170078793	218.9774329977871	272.3931581773022	324.56080816314216	152.9088005251248
763.2287	87.5274	4.07	['SII-NII' '' 'SII-OIII' 'NII-SII-OIII' 'SII-Ha']	5.4935255294039086e-17	1.5785809693807512e-17	1.8491455607217922e-17	2.6656473738306257e-17	1.4410795397303525e-17	1.7654800013303827e-17	9.001673725002428e-18	1.9284119716991004e-17	nan	nan	nan	nan	121.52814564687762
558.596	126.6454	4.234	['SII-NII' 'NII-OIII' 'SII-OIII' 'NII-SII-OIII' '']	1.4570785773434536e-15	3.5879686202426984e-16	1.0210494666869145e-15	4.12928086870561e-16	3.252292002647685e-16	2.39557395542797e-16	1.7337069132776398e-16	4.3521253757725104e-16	62.785548240504255	67.04974743148651	23.95026619987486	3.562247890262442	159.10831207129203
593.8501	73.2181	3.7836842	['SII-NII' '' 'SII-OIII' 'NII-SII-OIII' 'SII-Ha']	7.143291288902233e-17	2.146317999201303e-17	1.909262087004209e-17	3.9601820267460804e-17	1.8985542318020562e-17	2.1977883601259873e-17	1.7623936666200934e-17	2.540591694343353e-17	177.2371166960079	226.03519311559793	281.5975883252606	339.09473474593074	111.76650915957808
620.4631	75.9902	2.861	['SII-NII' '' 'SII-OIII' 'NII-SII-OIII' 'SII-Ha']	2.7532545680338844e-17	1.0060981150782517e-17	5.124614035768109e-18	2.0045991426340177e-17	9.391628326164464e-18	1.3073596437407285e-17	6.972394988932893e-18	1.2567611987130685e-17	nan	nan	nan	nan	93.28564487900523
394.7094	125.8616	8.0350411	['SII-NII' 'NII-OIII' 'SII-OIII' 'NII-SII-OIII' '']	2.3298119618090276e-15	6.762986377661154e-16	2.2601834524573847e-15	7.577373962089559e-16	5.9324275276857435e-16	4.555870382664969e-16	3.0215035794245894e-16	7.938607099901723e-16	nan	nan	nan	nan	172.69535738455187
603.8365	131.2549	8.0916198	['SII-NII' '' 'SII-OIII' 'NII-SII-OIII' 'SII-Ha']	1.6953988081128865e-15	5.142053966561579e-16	3.330488006546207e-16	7.632594009009972e-16	3.7073811439490353e-16	4.710212944630962e-16	2.9223810643790094e-16	4.961112821697945e-16	nan	nan	nan	nan	122.93741644035977
659.3335	136.3989	2.44	['SII-NII' 'NII-OIII' 'SII-OIII' 'NII-SII-OIII' 'SII-Ha']	4.9049184065395307e-17	1.4341277836904972e-17	1.9263703673489527e-17	2.1057075829766517e-17	1.4156842471985463e-17	1.3011152651936154e-17	8.045923177830363e-18	1.8944287079076388e-17	nan	nan	nan	nan	125.47305602541667
755.1856	97.9078	3.16	['SII-NII' 'NII-OIII' 'SII-OIII' 'NII-SII-OIII' 'SII-Ha']	6.335665858621258e-17	1.5511548325671528e-17	3.027476721242004e-17	2.652230615397086e-17	1.0862843146042113e-17	1.558669095982721e-17	1.0935615194143651e-17	1.453635014028221e-17	31.83997012733622	26.722234481547595	nan	nan	177.0437182607713
939.0859	88.4133	3.198	['SII-NII' '' 'SII-OIII' 'NII-SII-OIII' 'SII-Ha']	1.7747385145831413e-17	3.930325582263763e-18	2.0317926816568863e-18	1.2937630110696827e-17	4.153287354227504e-18	7.714319140748203e-18	5.223310969948625e-18	5.557811928477907e-18	nan	nan	nan	nan	108.64876810658623
776.4849	106.146	3.367	['SII-NII' '' 'SII-OIII' 'NII-SII-OIII' '']	8.739514965103954e-17	2.7762636965551864e-17	1.899092221552737e-17	3.4089679968787484e-17	1.5040211165639165e-17	2.0709413337931436e-17	1.3380266630856048e-17	2.012638613558283e-17	nan	nan	nan	nan	169.8776154228743
819.0112	103.146	2.806	['SII-NII' 'NII-OIII' 'SII-OIII' 'NII-SII-OIII' 'SII-Ha']	5.296067451420398e-17	1.0764627311222447e-17	2.327602188196505e-17	2.2959899817293125e-17	1.0615892536482115e-17	1.310544755675266e-17	9.854452260540465e-18	1.4205887803704313e-17	102.8145584641052	123.15459290632099	113.42186641212268	118.50093029739635	136.05625089978116
420.5184	90.9665	2.7253169	['SII-NII' 'NII-OIII' 'SII-OIII' 'NII-SII-OIII' 'SII-Ha']	3.079766013084952e-17	7.002467073982607e-18	1.0979887079330983e-17	1.7577752009813224e-17	8.134717716482732e-18	1.095765476985197e-17	6.620097239961255e-18	1.0885649680234414e-17	nan	nan	nan	nan	122.45083693859335
693.465	90.4183	2.364	['SII-NII' '' 'SII-OIII' 'NII-SII-OIII' 'SII-Ha']	1.8838633757457008e-17	7.134839065398037e-18	6.2691861107174e-18	7.750016612828577e-18	2.8386082668060952e-18	4.725404184477766e-18	3.0246124283508105e-18	3.798545474941083e-18	nan	nan	nan	nan	263.15078631112823
737.4093	177.727	4.538	['SII-NII' '' 'SII-OIII' 'NII-SII-OIII' 'SII-Ha']	4.109042699441347e-16	1.2406613376449226e-16	9.603467869558451e-17	1.7099986040484035e-16	9.979160050626167e-17	9.826424202203238e-17	7.273561838280796e-17	1.3353830360210185e-16	85.31678524172806	99.45391383925511	76.46664874780345	70.05225445653043	122.24084473615542
745.7562	116.7578	3.519	['SII-NII' 'NII-OIII' 'SII-OIII' 'NII-SII-OIII' '']	8.504290863360037e-17	2.1544053277230703e-17	3.3202111931477256e-17	2.90857697600359e-17	1.764443723300251e-17	1.7320790187696775e-17	1.1764979572339125e-17	2.3611287965674764e-17	1.8873918221350972	nan	nan	nan	136.10966711583234
698.3035	97.0152	2.31	['SII-NII' '' 'SII-OIII' 'NII-SII-OIII' 'SII-Ha']	1.2153719993498999e-17	7.026367398488318e-18	5.994415337463156e-18	7.460439168127615e-18	2.295142573916628e-18	4.385168589758655e-18	3.075270578368961e-18	3.071295021734387e-18	31.83997012733622	25.576893801534162	nan	nan	174.96540087677087
742.6705	140.8409	3.531	['SII-NII' '' 'SII-OIII' 'NII-SII-OIII' 'SII-Ha']	1.018744860500814e-16	3.461924604004183e-17	1.7957449470832607e-17	5.3378962952094675e-17	1.862645169150015e-17	3.180592399860321e-17	2.1573038953491468e-17	2.4925392000836352e-17	1.0	nan	nan	nan	176.00411188979683
935.3082	105.8788	2.768	['SII-NII' '' 'SII-OIII' 'NII-SII-OIII' 'SII-Ha']	2.1208297452869356e-17	3.8044499014492155e-18	3.55579942114085e-18	8.862528802987904e-18	3.5156221398348816e-18	5.428100898308312e-18	3.4344279046795916e-18	4.704506333978314e-18	nan	nan	nan	nan	267.1973917782753
691.3411	105.5429	2.183	['SII-NII' '' 'SII-OIII' 'NII-SII-OIII' 'SII-Ha']	1.3088594837605196e-17	3.763204288884157e-18	4.9299547169237025e-18	5.6263781989060675e-18	1.1404537078222075e-18	3.735657130582149e-18	1.890721068323919e-18	1.52612296733079e-18	nan	nan	nan	nan	653.2688574190284
946.3658	133.7488	4.754	['SII-NII' '' 'SII-OIII' 'NII-SII-OIII' 'SII-Ha']	4.7593259048566176e-17	1.590980452330761e-17	5.103298767749665e-18	3.399233766738567e-17	1.0615738926382063e-17	1.9916231637496257e-17	1.4076106029889415e-17	1.420568224700342e-17	38.777965313630894	35.52508103782977	nan	nan	112.57392058145146
672.0508	150.4674	3.357	['SII-NII' '' 'SII-OIII' 'NII-SII-OIII' 'SII-Ha']	1.2463270697367042e-16	4.791256540739337e-17	2.4180610089174624e-17	8.294339073030143e-17	3.6961306928641043e-17	4.7630962743342607e-17	3.531242798695883e-17	4.946057785552435e-17	87.20612074929505	102.50440943940433	79.89084732933348	76.46664874780345	101.17344567130954
513.7058	132.2625	3.734	['SII-NII' '' 'SII-OIII' 'NII-SII-OIII' 'SII-Ha']	4.479514831632576e-17	1.0074553128549622e-17	7.889683915852675e-18	3.452029048659241e-17	1.0625114711447422e-17	2.0729151220912916e-17	1.3791139265679494e-17	1.421822865798605e-17	nan	nan	nan	nan	108.06540498350107
324.9515	143.3304	5.8037604	['SII-NII' 'NII-OIII' 'SII-OIII' 'NII-SII-OIII' 'SII-Ha']	5.956187687455222e-16	1.5004337881182116e-16	1.8969172096648893e-16	6.130561538815924e-16	2.388520943735453e-16	3.550895391154982e-16	2.579666147660942e-16	3.196251321016842e-16	67.04974743148651	73.18921461198543	33.265773171295514	12.689610031679221	80.07686489357249
528.5955	143.14	2.768	['SII-NII' 'NII-OIII' 'SII-OIII' 'NII-SII-OIII' 'SII-Ha']	1.8863006091095942e-16	4.034792139665729e-17	1.6451996492031094e-16	1.8398446585757707e-16	6.665168792306348e-17	9.853988314809108e-17	8.544458270948598e-17	8.919140781697463e-17	282.4496220851239	370.14423269042226	514.1126191493918	644.8567982261245	141.35708773913143
525.39275	191.7025	6.2090823	['' 'NII-OIII' 'SII-OIII' 'NII-SII-OIII' '']	2.1256828159722085e-15	5.926443290793523e-16	1.7058939806887658e-15	3.9422597724736526e-16	3.582934687819706e-16	2.2456090631811546e-16	1.6966507092924985e-16	4.794582086079959e-16	108.56049609166693	130.43071781005716	126.5491449784114	138.13672512715183	304.6468712029446
854.2067	187.1242	5.6	['SII-NII' 'NII-OIII' 'SII-OIII' 'NII-SII-OIII' 'SII-Ha']	1.0978371202361245e-16	3.5979199765596783e-17	7.255868991334061e-17	5.269264554807876e-17	2.2107342571221815e-17	2.8754034672847555e-17	2.3938610875231204e-17	2.9583421942673904e-17	226.03519311559793	292.4352812676792	386.7193981683848	480.32673303078116	168.54216298308427
675.957	177.4764	3.001	['SII-NII' '' 'SII-OIII' 'NII-SII-OIII' 'SII-Ha']	9.761582274032109e-17	3.474946426673859e-17	2.407073557192276e-17	6.256955690275025e-17	2.917505461730022e-17	3.8156948633188985e-17	2.4412608269561267e-17	3.904123474649027e-17	nan	nan	nan	nan	105.05635804726757
679.4484	142.3307	2.343	['SII-NII' '' 'SII-OIII' 'NII-SII-OIII' 'SII-Ha']	1.8826280453887556e-17	8.863460562331811e-18	6.430989351413464e-18	9.888672599724837e-18	4.632800819542981e-18	7.093924666417805e-18	2.7947479333070304e-18	6.199483315525919e-18	nan	nan	nan	nan	123.25268624369383
847.8205	159.8241	7.9314323	['SII-NII' '' 'SII-OIII' 'NII-SII-OIII' 'SII-Ha']	4.460995639146827e-16	1.4770152446771584e-16	1.002258445955412e-16	1.9849751957891569e-16	1.0341794084023811e-16	1.172884381975075e-16	8.120908138140821e-17	1.383909698989282e-16	19.665182383298276	9.338421748309242	nan	nan	121.84171731634926
656.7667	167.7697	3.133	['SII-NII' '' 'SII-OIII' 'NII-SII-OIII' 'SII-Ha']	5.857986508976384e-17	2.035513502908916e-17	1.64073432249678e-17	2.729268527277456e-17	1.5038149187262152e-17	1.5513666969605947e-17	1.1779018303168613e-17	2.0123626854309326e-17	113.42186641212268	138.13672512715183	138.13672512715183	150.78533191282756	118.22188265396153
574.8372	210.7645	5.2013503	['' 'NII-OIII' 'SII-OIII' 'NII-SII-OIII' '']	2.305465476733582e-15	6.447259236182489e-16	2.6773241863358124e-15	3.850498376946473e-16	4.493824281298835e-16	2.2687612855206914e-16	1.5817370914257817e-16	6.013508834071926e-16	26.722234481547595	18.414525102373158	nan	nan	205.13949762134484
258.176	158.0705	3.6793567	['SII-NII' 'NII-OIII' 'SII-OIII' 'NII-SII-OIII' 'SII-Ha']	2.008345918210536e-17	8.523873419538911e-18	2.8071214744049065e-17	1.498348770416944e-17	5.5046523729841596e-18	8.476607193024205e-18	6.506880511145236e-18	7.366170460022481e-18	126.5491449784114	154.9414794734376	164.59211914234524	187.7085036595387	197.95862603817244
690.192	191.4481	3.979	['SII-NII' '' 'SII-OIII' 'NII-SII-OIII' 'SII-Ha']	6.410774145260838e-17	2.1114559373115388e-17	1.6889567548362137e-17	3.49688584197886e-17	1.4977468063985114e-17	2.3536173515509797e-17	1.1432684904278803e-17	2.0042425087607748e-17	nan	nan	nan	nan	116.9047886207556
206.95	184.134	5.2490578	['SII-NII' 'NII-OIII' 'SII-OIII' 'NII-SII-OIII' '']	3.7766189283024174e-16	1.0835532420149303e-16	2.3603411045637335e-16	1.2713338706546538e-16	7.417251277042489e-17	7.501314179859877e-17	5.21202452668666e-17	9.925556338427772e-17	23.95026619987486	12.689610031679221	nan	nan	155.04965089152972
280.4829	175.3684	4.36	['SII-NII' 'NII-OIII' 'SII-OIII' 'NII-SII-OIII' '']	7.877826187338762e-17	2.074963180233526e-17	5.834787230007446e-17	2.792798765734252e-17	1.439752797018267e-17	1.6748021401657578e-17	1.1179966255684939e-17	1.9266365620434826e-17	nan	nan	nan	nan	178.08758797305904
526.7169	168.0959	3.3742563	['SII-NII' 'NII-OIII' 'SII-OIII' 'NII-SII-OIII' 'SII-Ha']	3.78818130121228e-17	6.806146545173724e-18	1.1338127623390346e-16	3.8681158442156475e-17	3.6022633504145094e-17	2.3694844747385867e-17	1.4986313694770605e-17	4.820447156894665e-17	nan	nan	nan	nan	344.7450941563346
884.3501	170.807	3.323	['SII-NII' '' 'SII-OIII' 'NII-SII-OIII' 'SII-Ha']	2.4201620083374236e-17	4.762304507544931e-18	4.297009333361389e-18	1.4915638285022974e-17	3.970306124454555e-18	9.547691682928052e-18	5.367946602094921e-18	5.312951610666157e-18	nan	nan	nan	nan	270.6837054946441
508.69464	203.05048	5.3640534	['SII-NII' 'NII-OIII' 'SII-OIII' 'NII-SII-OIII' '']	4.600334763330853e-16	1.808391864716717e-16	1.646797241728893e-15	1.064764769452493e-16	9.966569628206219e-17	6.226740361232019e-17	4.4209073332929105e-17	1.3336982212239178e-16	44.22419421970041	42.32870270623382	nan	nan	410.5092910072179
936.8725	205.6372	5.0420214	['SII-NII' '' 'SII-OIII' 'NII-SII-OIII' 'SII-Ha']	1.5882991251598508e-15	4.519546930081251e-16	3.3950539791035204e-16	7.578558478730265e-16	3.6516988481950695e-16	4.410048684032787e-16	3.1685097946974765e-16	4.886600344917012e-16	55.053480449463954	57.518791179702525	8.938168007446126	nan	119.91278886371798
1159.3676	841.0133	4.8904485	['' 'NII-OIII' 'SII-OIII' 'NII-SII-OIII' '']	1.6981999369806625e-16	1.882306265706793e-17	7.996393143314678e-17	3.475391536424169e-17	1.974137790784969e-17	2.0081711149116672e-17	1.467220421512502e-17	2.6417354799483753e-17	73.18921461198543	81.47520508074703	45.20353656360243	31.83997012733622	323.5526885095866
452.77808	826.41885	13.82347	['SII-NII' 'NII-OIII' 'SII-OIII' 'NII-SII-OIII' '']	5.050818467244759e-15	1.523189852018685e-15	5.068566315204153e-15	1.6322752360030617e-15	1.283792699666637e-15	9.655337600752578e-16	6.667414759278041e-16	1.7179351610808987e-15	17.625260839407403	6.7233575364993365	nan	nan	242.97066094938384
281.21409	833.13673	3.3946231	['SII-NII' '' 'SII-OIII' 'NII-SII-OIII' 'SII-Ha']	8.023043034120636e-18	1.7032503055197484e-17	1.3181316789389201e-17	9.898079790953033e-18	2.718723726166081e-18	4.261646295467499e-18	5.636433495485535e-18	3.63811936589015e-18	1439.2792538350525	1933.7467926552083	2958.509885273532	3801.671427002489	175.86338354697386
1144.8058	829.3061	1.896	['SII-NII' '' 'SII-OIII' 'NII-SII-OIII' 'SII-Ha']	1.003518705829947e-17	2.2661245802811435e-18	2.8973289609065315e-18	5.189948659181184e-18	1.852488648181877e-18	3.362080181651829e-18	1.827868477529355e-18	2.4789480303488715e-18	nan	nan	nan	nan	161.84519860482925
525.96324	818.21806	5.6765462	['SII-NII' 'NII-OIII' 'SII-OIII' 'NII-SII-OIII' 'SII-Ha']	7.60509984097962e-17	2.4602071537036752e-17	2.3532928860233768e-17	4.228188193063114e-17	2.9032466798937304e-17	2.5766368251770673e-17	1.651551367886047e-17	3.8850427751894444e-17	nan	nan	nan	nan	103.16969794936377
489.8305	810.2429	4.0701467	['SII-NII' 'NII-OIII' 'SII-OIII' 'NII-SII-OIII' 'SII-Ha']	7.567861587830703e-17	1.1984881436637178e-17	1.645356399393916e-17	3.7250419687731524e-17	1.7180822471524096e-17	1.8286942750965308e-17	1.896347693676622e-17	2.2990891775427916e-17	612.5734151126721	820.5416287681747	1231.8947921886543	1579.3963246440687	119.6409545159189
537.57393	771.51425	6.753	['SII-NII' '' 'SII-OIII' 'NII-SII-OIII' 'SII-Ha']	7.470342357951376e-16	2.054406399690154e-16	1.2433488691077745e-16	4.465050188786763e-16	2.3150854143972766e-16	2.795707645361062e-16	1.6693425434257006e-16	3.0979819680633617e-16	nan	nan	nan	nan	101.50333675922344
326.7588	771.8405	3.737	['SII-NII' 'NII-OIII' 'SII-OIII' 'NII-SII-OIII' 'SII-Ha']	1.257455083877896e-17	4.848656638714683e-18	2.1191071138420438e-17	6.7418986897384545e-18	9.209266727164704e-18	5.1139529483172005e-18	1.6279457414212538e-18	1.232358084173316e-17	nan	nan	nan	nan	217.85081217166933
725.0129	761.459	5.1907946	['' 'NII-OIII' 'SII-OIII' 'NII-SII-OIII' '']	8.425425309392938e-17	1.9557119121260223e-17	2.634185942494369e-16	5.456872029965043e-18	2.34559107743977e-17	4.7415205525265805e-18	7.15351477438462e-19	3.138803785453658e-17	nan	nan	nan	nan	nan
334.4203	760.783	2.8645113	['SII-NII' 'NII-OIII' 'SII-OIII' 'NII-SII-OIII' '']	3.654882026828966e-17	8.651232346515994e-18	2.1394918363744454e-17	1.3306951848738808e-17	7.75655724862898e-18	7.718033375826916e-18	5.5889184729118914e-18	1.0379606014130488e-17	62.785548240504255	70.05225445653043	26.722234481547595	3.562247890262442	150.96533606884486
606.8896	755.7804	2.522	['SII-NII' 'NII-OIII' 'SII-OIII' 'NII-SII-OIII' 'SII-Ha']	9.171425531848408e-18	2.340494972569113e-18	1.922402429914556e-17	6.384205753850028e-18	3.05552665968743e-17	3.858317776881986e-18	2.5258879769680425e-18	4.088819546691742e-17	nan	nan	nan	nan	nan
296.8739	741.964	4.5193448	['SII-NII' 'NII-OIII' 'SII-OIII' 'NII-SII-OIII' 'SII-Ha']	4.3393310428601235e-17	1.2880170313327388e-17	4.227749917154819e-17	1.8168478309234432e-17	1.388328994457929e-17	1.193445567451813e-17	6.234022634716302e-18	1.857822680676323e-17	nan	nan	nan	nan	185.94655760656212
624.60766	736.48289	3.6036364	['SII-NII' 'NII-OIII' 'SII-OIII' 'NII-SII-OIII' 'SII-Ha']	2.152622281926301e-17	5.643700459471661e-18	6.966794788334934e-18	2.2526515086132608e-17	1.0150767438031412e-17	1.3118022233699676e-17	9.408492852432933e-18	1.3583470523144013e-17	53.73883469527926	55.053480449463954	3.562247890262442	nan	85.13663669012888
334.65049	734.27153	4.448026	['SII-NII' 'NII-OIII' 'SII-OIII' 'NII-SII-OIII' 'SII-Ha']	6.743710263681728e-17	1.1774033248022078e-17	1.2101255703840595e-17	3.3455941783126605e-17	2.7331674182911574e-17	2.2710658066228015e-17	1.0745283716898593e-17	3.657447507079874e-17	nan	nan	nan	nan	98.06570041775397
545.56464	690.78804	4.9048613	['SII-NII' 'NII-OIII' 'SII-OIII' 'NII-SII-OIII' 'SII-Ha']	6.734838957501631e-16	1.942750050866881e-16	8.769426389529444e-16	9.211206553808843e-16	3.840080592031455e-16	5.3970726830388175e-16	3.8141338707700253e-16	5.1386874782418055e-16	38.777965313630894	35.52508103782977	nan	nan	148.54445113202127
283.5176	728.3914	2.7412264	['SII-NII' 'NII-OIII' 'SII-OIII' 'NII-SII-OIII' 'SII-Ha']	6.0669816995695146e-18	1.2992080719908335e-17	1.1947791262354553e-17	8.04378707340686e-18	9.714215525801665e-18	4.741306659802553e-18	3.3024804136043075e-18	1.2999289074027397e-17	25.576893801534162	16.869825202123387	nan	nan	nan
645.34088	720.89849	6.9123414	['SII-NII' 'NII-OIII' 'SII-OIII' 'NII-SII-OIII' 'SII-Ha']	1.993362059415737e-16	7.008222852621504e-17	9.702406569400212e-17	8.244818855620193e-17	4.501127297327153e-17	4.955554230956964e-17	3.2892646246632274e-17	6.023281524024318e-17	nan	nan	nan	nan	140.26403992469403
786.20257	720.7614	5.0980346	['SII-NII' 'NII-OIII' 'SII-OIII' 'NII-SII-OIII' 'SII-Ha']	3.824400936323529e-17	1.1916439060794618e-17	2.1931421425458652e-17	2.5143620930140087e-17	1.1035835569028868e-17	1.6702417567796818e-17	8.441203362343267e-18	1.4767843718744447e-17	nan	nan	nan	nan	146.9600596120263
459.5253	707.78826	5.8700711	['SII-NII' '' 'SII-OIII' 'NII-SII-OIII' 'SII-Ha']	3.5957918812884694e-16	1.0084175592626952e-16	3.2866682051456134e-17	4.519773260202504e-16	1.5247765796340058e-16	2.7951046226281575e-16	1.7246686375743461e-16	2.040412988503616e-16	nan	nan	nan	nan	66.88084134236709
603.1261	701.3203	6.6078103	['SII-NII' 'NII-OIII' 'SII-OIII' 'NII-SII-OIII' 'SII-Ha']	3.1635102754317817e-16	7.559485301783581e-17	8.608454087477591e-17	3.5042943899021146e-16	1.314161916647106e-16	2.0236086707820452e-16	1.4806857191200691e-16	1.7585743902016056e-16	73.18921461198543	83.4683825107768	50.435326829649455	35.52508103782977	75.64758830349507
649.34785	707.05393	4.692365	['SII-NII' 'NII-OIII' 'SII-OIII' 'NII-SII-OIII' 'SII-Ha']	2.949539770837489e-17	1.798953054890307e-17	1.7543879563904178e-17	1.9847603977817583e-17	1.884181586975108e-17	1.3724964925071744e-17	6.12263905274584e-18	2.5213586266429722e-17	nan	nan	nan	nan	127.33064785898252
743.43055	702.97147	3.9358025	['SII-NII' 'NII-OIII' 'SII-OIII' 'NII-SII-OIII' '']	1.7480057050641128e-16	6.030348652760187e-17	1.434643633115246e-16	6.78906602256297e-17	5.2019462550872645e-17	3.839330161568129e-17	2.94973586099484e-17	6.961097675651287e-17	126.5491449784114	157.53754255768436	168.6186361263794	187.7085036595387	159.80364460482494
467.6472	691.5839	2.899	['SII-NII' 'NII-OIII' 'SII-OIII' 'NII-SII-OIII' 'SII-Ha']	8.150876525932262e-18	5.072616026101768e-18	1.0761548253685596e-17	1.4634821513802606e-17	7.93204243645015e-18	7.33218212298268e-18	7.302639390819927e-18	1.061443534014641e-17	524.3082590815998	698.6071977903737	1044.8789315721012	1332.561799035625	190.54184217038556
764.86012	692.85029	4.4723585	['SII-NII' 'NII-OIII' 'SII-OIII' 'NII-SII-OIII' 'SII-Ha']	5.2359234296206155e-17	1.662678283098232e-17	3.327509558908076e-17	2.99271157177579e-17	1.805284369640044e-17	1.8371742180627953e-17	1.1555373537129944e-17	2.415780596945075e-17	nan	nan	nan	nan	155.73453402872946
721.4284	694.1549	4.9478073	['SII-NII' '' 'SII-OIII' 'NII-SII-OIII' '']	2.3418768484701674e-16	8.006543598274721e-17	7.534868465517786e-17	8.9146682843191e-17	4.663249044881149e-17	5.233217129928613e-17	3.681451154390488e-17	6.240228271401219e-17	35.52508103782977	30.475278373642023	nan	nan	133.86702525945825
300.8482	675.5706	5.923	['SII-NII' 'NII-OIII' 'SII-OIII' 'NII-SII-OIII' 'SII-Ha']	5.461257648203946e-16	1.7013793258756333e-16	1.7159799885835215e-16	9.641312122576025e-16	3.512293137486721e-16	5.608688522542565e-16	4.0326236000334604e-16	4.700051556982999e-16	56.315154753681526	60.09449923536018	12.689610031679221	nan	93.7832666631108
712.93648	679.70221	4.5229656	['SII-NII' 'NII-OIII' 'SII-OIII' 'NII-SII-OIII' 'SII-Ha']	5.932291012787079e-17	1.7765332669261178e-17	4.7865421028420404e-17	2.3942651245719466e-17	1.832539420567303e-17	1.4696573340771957e-17	9.24607790494751e-18	2.452252536937526e-17	nan	nan	nan	nan	155.1216126171423
713.5789	664.7919	5.1961372	['SII-NII' 'NII-OIII' 'SII-OIII' 'NII-SII-OIII' 'SII-Ha']	3.731503974428612e-16	9.69348828862594e-17	2.9919839227556084e-16	3.7948731421312024e-16	2.223343625742572e-16	2.052654684246369e-16	1.7422184578848335e-16	2.9752156955091595e-16	252.19617106170037	329.0033932901496	450.7994247138622	556.9651699425564	100.05486108914081
481.6585	672.9246	3.42	['SII-NII' '' 'SII-OIII' 'NII-SII-OIII' 'SII-Ha']	4.5184922838124547e-17	2.43501811297361e-17	1.035505663644616e-17	5.3472054826988095e-17	2.680891317752821e-17	3.104437645277116e-17	2.2427678374216938e-17	3.587493104611059e-17	60.09449923536018	67.04974743148651	21.465841542591217	nan	90.77047117255998
690.3873	671.4576	3.4528922	['SII-NII' '' 'SII-OIII' 'NII-SII-OIII' 'SII-Ha']	1.8337876760847365e-17	5.6305522762582264e-18	3.489106102093391e-18	2.379587438505849e-17	8.323065319723713e-18	1.5044542537456187e-17	8.751331847602304e-18	1.1137691127577918e-17	nan	nan	nan	nan	72.92755128656282
489.6561	666.4888	2.056	['SII-NII' 'NII-OIII' 'SII-OIII' 'NII-SII-OIII' 'SII-Ha']	1.5255366992330256e-17	5.011133648232562e-18	5.925102748775091e-18	7.889209904621148e-18	4.49114538272368e-18	8.01426145866404e-18	-1.2505155404289326e-19	6.009924007599225e-18	nan	nan	nan	nan	123.52529320959924
272.3005	662.5089	3.765	['SII-NII' 'NII-OIII' 'SII-OIII' 'NII-SII-OIII' 'SII-Ha']	1.8517748200231044e-17	1.1162425457359824e-17	2.1039705566432985e-17	4.115726767595492e-17	1.3325013888163173e-17	2.6322190486665794e-17	1.4835077189289127e-17	1.7831157543044965e-17	nan	nan	nan	nan	96.6541548981693
428.26911	661.58506	5.0984673	['' 'NII-OIII' 'SII-OIII' 'NII-SII-OIII' '']	1.342178477056444e-16	3.36666109177029e-17	3.8299380036058486e-16	2.745259940960569e-17	2.5630852744285676e-17	1.4563076330855873e-17	1.2889523078749817e-17	3.42984838201129e-17	313.9520621675907	412.6723735232156	586.3179291686442	729.8910295640155	326.17340466071664
742.30566	655.0102	3.9277221	['SII-NII' 'NII-OIII' 'SII-OIII' 'NII-SII-OIII' '']	1.1441438628456416e-16	2.3282281834902232e-17	8.977067980968957e-17	2.5971242085058086e-17	2.6381771655700426e-17	1.2863710085413722e-17	1.3107531999644366e-17	3.530334231586146e-17	573.6152510448682	766.039381238118	1147.466583142155	1467.8223638218826	220.66131582999606
509.0499	654.3687	1.735	['SII-NII' 'NII-OIII' 'SII-OIII' 'NII-SII-OIII' 'SII-Ha']	1.9123278603552587e-17	2.647042453188351e-18	9.869102532106271e-18	1.2735553632442775e-17	9.653120595153473e-18	7.408848304058743e-18	5.326705328384032e-18	1.2917533561979711e-17	56.14527520954249	60.09449923536018	12.689610031679221	nan	99.519614682287
606.2968	637.8382	5.2186849	['SII-NII' '' 'SII-OIII' 'NII-SII-OIII' 'SII-Ha']	6.547829028519044e-17	2.7600742327863753e-17	9.338988457922623e-18	4.572269106132633e-17	1.5623893065279825e-17	2.5472073909158207e-17	2.0250617152168124e-17	2.090745278173182e-17	166.84505443870094	211.18086157626112	260.7181253415102	310.6498196571481	108.12652117492298
333.43264	603.25701	11.162293	['SII-NII' '' 'SII-OIII' 'NII-SII-OIII' 'SII-Ha']	1.7959372760086145e-15	5.295226523166522e-16	4.2905295774378726e-16	8.262666216824654e-16	7.081302566788936e-16	4.936607378761845e-16	3.326058838062809e-16	9.47599925509631e-16	nan	nan	nan	nan	101.66595264598054
161.44512	595.37559	4.1476694	['SII-NII' 'NII-OIII' 'SII-OIII' 'NII-SII-OIII' 'SII-Ha']	3.722265527554931e-17	9.959213424351096e-18	2.492035718996377e-17	2.2492768803522688e-17	7.982862444181315e-18	1.299908139142708e-17	9.49368741209561e-18	1.0682441240312719e-17	71.98312865219201	79.89084732933348	45.20353656360243	30.475278373642023	157.4559907286568
133.46685	585.81614	4.8918491	['' 'NII-OIII' 'SII-OIII' 'NII-SII-OIII' '']	4.319132594736227e-17	7.985105136583101e-18	1.4373619985559863e-16	3.1298239442275416e-18	1.9251231807782658e-17	-1.5922439854775803e-19	3.2890483427752994e-18	2.5761455120672316e-17	nan	nan	nan	nan	nan
638.0959	577.2688	3.5954318	['' 'NII-OIII' 'SII-OIII' 'NII-SII-OIII' '']	2.510333738559382e-17	9.76425337905008e-18	1.0822764696585444e-16	2.4068476824130993e-18	2.8751914747732392e-18	6.382927556870208e-19	1.7685549267260786e-18	3.847500091436576e-18	nan	nan	nan	nan	412.3072361480031
515.8094	572.1517	3.049	['SII-NII' '' 'SII-OIII' 'NII-SII-OIII' 'SII-Ha']	5.712451265180484e-17	1.7213745890763674e-17	1.0910958922735572e-17	4.686535639318222e-17	2.38793251699961e-17	2.6028986236977942e-17	2.0836370156204274e-17	3.19546390496479e-17	175.37288322946864	223.6576867587071	276.95713823447386	332.50073635186993	82.60403318929666
128.621	570.57316	7.4112411	['SII-NII' '' 'SII-OIII' 'NII-SII-OIII' 'SII-Ha']	3.0334558777300114e-16	1.0199422973239763e-16	4.6938610212038744e-17	1.8794411154532914e-16	8.05901315558284e-17	1.0587369698521833e-16	8.20704145601108e-17	1.0784343973278857e-16	136.68376137587484	170.15384717431016	191.43105051842076	223.6576867587071	105.69756850801451
574.9698	560.0582	2.635	['SII-NII' 'NII-OIII' 'SII-OIII' 'NII-SII-OIII' 'SII-Ha']	1.4897225490254185e-17	3.0977282809362325e-18	1.4987871984454644e-17	7.613616385882303e-18	1.0727272043847958e-17	4.92499529134443e-18	2.6886210945378727e-18	1.43549327172463e-17	nan	nan	nan	nan	161.30535912183413
539.6747	552.6361	2.758	['SII-NII' 'NII-OIII' 'SII-OIII' 'NII-SII-OIII' 'SII-Ha']	1.1574911221923776e-17	2.3143840548913067e-18	5.193582480750855e-18	1.3510894920550426e-17	3.809003569549659e-18	6.699057674904088e-18	6.8118372456463384e-18	5.097101083774037e-18	567.1532677962788	762.5757603457658	1140.5541600960669	1454.57895412671	108.30490311022376
184.81199	543.32117	7.0850788	['SII-NII' 'NII-OIII' 'SII-OIII' 'NII-SII-OIII' 'SII-Ha']	2.4837397785642575e-16	7.199357802155256e-17	7.336500002193673e-16	3.11911068497449e-16	1.3932232828778035e-16	1.7812104955564376e-16	1.3379001894180526e-16	1.8643720793192318e-16	101.42623713493992	121.76721187888516	113.42186641212268	118.50093029739635	298.03749566660264
684.2822	541.6331	4.184	['SII-NII' '' 'SII-OIII' 'NII-SII-OIII' 'SII-Ha']	1.9853718281149862e-16	4.4482772555635183e-17	2.4464315797309822e-17	1.151193583633642e-16	6.534643384735419e-17	6.637912297362408e-17	4.8740235389740156e-17	8.744475364812991e-17	77.5133234783777	87.20612074929505	57.518791179702525	45.20353656360243	145.8953546360433
859.23998	536.06452	5.7214774	['SII-NII' '' 'SII-OIII' 'NII-SII-OIII' 'SII-Ha']	9.32995684691162e-17	3.488321900531493e-17	1.296174856135623e-17	6.476200228526041e-17	1.459101187963046e-17	3.998484961991752e-17	2.47771526653429e-17	1.9525280327793778e-17	nan	nan	nan	nan	320.9218675569665
570.5806	529.5207	5.317	['SII-NII' 'NII-OIII' 'SII-OIII' 'NII-SII-OIII' 'SII-Ha']	5.921892458235979e-17	1.8653922267199358e-17	7.205747933215736e-17	5.715253080026494e-17	3.332995847615286e-17	3.565322724709897e-17	2.1499303553165972e-17	4.460120983583854e-17	nan	nan	nan	nan	167.2540683600102
328.3905	532.0276	3.8716631	['SII-NII' 'NII-OIII' 'SII-OIII' 'NII-SII-OIII' '']	3.944355818155065e-17	1.9729103489331594e-17	1.9553434706030385e-17	1.3057810258399062e-17	1.3337319713500082e-17	6.079867619399138e-18	6.977942638999925e-18	1.7847624851231007e-17	879.5856960493172	1184.4500465801566	1806.6669535589156	2325.0681565076816	135.79011629183913
507.9791	523.0363	3.489	['SII-NII' '' 'SII-OIII' 'NII-SII-OIII' 'SII-Ha']	2.79582298497161e-17	5.719923602652507e-18	2.20933885548194e-18	1.7938376192126552e-17	4.4109191719461974e-18	9.089985549570847e-18	8.848390642555705e-18	5.902567556381896e-18	477.4332094826157	640.0046292885398	944.3037855443577	1207.939503447795	398.3287521294407
401.50071	515.37825	4.498	['SII-NII' '' 'SII-OIII' 'NII-SII-OIII' '']	1.8914846604964992e-16	8.192839403511181e-17	1.0195725213306195e-16	6.827161141457138e-17	4.5953976682462705e-17	4.212967598154206e-17	2.614193543302932e-17	6.149431474006225e-17	nan	nan	nan	nan	144.74738749171718
707.5556	511.7153	5.434	['SII-NII' 'NII-OIII' 'SII-OIII' 'NII-SII-OIII' 'SII-Ha']	9.580240268509853e-17	3.451314079875267e-17	4.0906954133881116e-17	4.747653366374228e-17	4.0215877764514823e-17	2.675029484945895e-17	2.072623881428333e-17	5.3815752701609594e-17	136.2714429657542	169.64056335012648	187.7085036595387	219.30846432559773	105.89272008001736
76.6448	518.7058	3.062	['SII-NII' 'NII-OIII' 'SII-OIII' 'NII-SII-OIII' 'SII-Ha']	6.351125895173009e-18	8.235610591159047e-19	3.403938575282129e-18	4.508450505013927e-18	3.690516084544724e-18	2.384138601941713e-18	2.124311903072214e-18	4.938544475147987e-18	324.56080816314216	426.93931472726655	607.964159685768	762.5757603457658	110.75281407793472
788.8001	506.9125	6.6310987	['SII-NII' 'NII-OIII' 'SII-OIII' 'NII-SII-OIII' 'SII-Ha']	5.943140006140191e-16	1.7392532647060527e-16	5.865071521261585e-16	3.1583612659889003e-16	1.9389080043959598e-16	1.9358522973731363e-16	1.222508968615764e-16	2.594591974014152e-16	nan	nan	nan	nan	204.99520161692016
213.31896	514.94161	3.5825207	['' 'NII-OIII' 'SII-OIII' 'NII-SII-OIII' '']	4.5234024321778797e-17	1.1525571522620635e-17	4.178376271271958e-17	6.884160292494521e-18	9.972498964894749e-18	2.764150187119312e-18	4.120010105375209e-18	1.3344916683265345e-17	2212.007443811182	2958.509885273532	4495.668630626132	5746.451285296858	194.90764002032876
262.97206	508.11917	4.147	['SII-NII' '' 'SII-OIII' 'NII-SII-OIII' 'SII-Ha']	1.1311808936521384e-16	3.226002038701521e-17	1.4639404112750306e-17	7.547093877036962e-17	3.317636866117834e-17	4.342180165837786e-17	3.2049137111991756e-17	4.4395680279861834e-17	83.4683825107768	95.1912234049912	70.05225445653043	62.785548240504255	99.1229362261708
108.4951	512.0952	4.651	['SII-NII' 'NII-OIII' 'SII-OIII' 'NII-SII-OIII' 'SII-Ha']	3.351929766096997e-17	4.994217724172031e-18	5.693444932418774e-18	2.8401815598529356e-17	1.3754477757088206e-17	1.5359198707488977e-17	1.3042616891040379e-17	1.8405853972641222e-17	252.95924454230337	329.99886345685076	450.7994247138622	561.1877786132405	81.48364854890266
822.268	507.726	3.824	['SII-NII' '' 'SII-OIII' 'NII-SII-OIII' 'SII-Ha']	6.106887346486394e-17	1.3282066299320076e-17	1.2755673496985991e-17	5.035308857943165e-17	1.5200692255151144e-17	2.842242544330415e-17	2.1930663136127503e-17	2.034113740066851e-17	132.2160521833825	162.86088957512075	179.66313659361543	204.8961925303414	103.91931131209802
523.222	494.5328	6.08	['SII-NII' 'NII-OIII' 'SII-OIII' 'NII-SII-OIII' '']	2.811119932880001e-15	8.515982735189376e-16	2.446434840495067e-15	9.109906925795861e-16	8.193839900541573e-16	5.36044695534865e-16	3.74945997044721e-16	1.0964765318468652e-15	29.169078621515443	22.427088116949566	nan	nan	169.1206693644249
395.55283	504.62119	4.0623718	['SII-NII' '' 'SII-OIII' 'NII-SII-OIII' 'SII-Ha']	1.9799764175492913e-16	6.963317380000993e-17	7.588330148734775e-17	8.057640243624184e-17	4.2782350496369614e-17	4.749007693430343e-17	3.308632550193841e-17	5.7250134083552e-17	25.576893801534162	17.625260839407403	nan	nan	129.7315527112513
467.9921	487.70824	2.9411238	['SII-NII' 'NII-OIII' 'SII-OIII' 'NII-SII-OIII' '']	5.100072896324069e-17	1.690781699671019e-17	1.0650864036775525e-16	1.9892572988736574e-17	1.5091076874196806e-17	1.1611892844581197e-17	8.280680144155376e-18	2.0194453191305405e-17	48.27362019663342	48.27362019663342	nan	nan	189.66896438137928
340.35892	500.45293	6.1270294	['SII-NII' 'NII-OIII' 'SII-OIII' 'NII-SII-OIII' '']	1.0742213530210104e-16	3.109969858464559e-17	3.758295207379314e-17	3.345428628985397e-17	3.049873719282515e-17	2.3828061705248983e-17	9.626224584604987e-18	4.081254941372192e-17	nan	nan	nan	nan	126.30854467639544
85.2918	497.4595	3.8275553	['SII-NII' '' 'SII-OIII' 'NII-SII-OIII' 'SII-Ha']	2.38693626698377e-17	1.146941463667435e-17	9.075407936936308e-18	1.0616893282463755e-17	6.7975345937848214e-18	6.43984078597653e-18	4.177052496487226e-18	9.096268961771686e-18	nan	nan	nan	nan	123.90479256710753
571.3414	490.5335	4.282883	['' 'NII-OIII' 'SII-OIII' 'NII-SII-OIII' '']	1.1057715545363596e-16	3.740463134500489e-17	3.837777631944356e-16	2.202175210249513e-17	2.2736654907227106e-17	1.3511409766347695e-17	8.510342336147432e-18	3.0425549951040194e-17	nan	nan	nan	nan	377.3093530667537
849.4246	480.6029	3.412	['SII-NII' 'NII-OIII' 'SII-OIII' 'NII-SII-OIII' 'SII-Ha']	3.8977357078924613e-17	1.860483911445387e-17	2.089203815115139e-17	2.509837444914765e-17	1.6074401066723858e-17	1.4664387106856715e-17	1.0433987342290933e-17	2.1510309875583465e-17	45.20353656360243	45.20353656360243	nan	nan	109.18962866080841
865.5885	473.816	4.761	['SII-NII' 'NII-OIII' 'SII-OIII' 'NII-SII-OIII' 'SII-Ha']	9.436171887063167e-17	3.348246238008243e-17	1.0893489005937645e-16	5.309538812386485e-17	3.700663504692058e-17	3.0898993178408123e-17	2.2196394945456722e-17	4.952123466421182e-17	55.053480449463954	57.518791179702525	6.7233575364993365	nan	220.37553408576
872.9882	465.5169	3.73	['SII-NII' 'NII-OIII' 'SII-OIII' 'NII-SII-OIII' 'SII-Ha']	5.90804219475358e-17	1.519057445270986e-17	4.791992989164779e-17	2.7499920186823542e-17	2.172123787364442e-17	1.543056067574843e-17	1.2069359511075113e-17	2.9066747532546044e-17	147.1846640754055	184.61525293949975	214.07150311753986	249.54349564590342	169.28563322126797
670.0026	479.0578	2.546	['SII-NII' 'NII-OIII' 'SII-OIII' 'NII-SII-OIII' 'SII-Ha']	1.4873105053557083e-17	6.326532131401212e-18	3.674219519528784e-17	1.2106662920208884e-17	9.170908777675745e-18	6.068228775202039e-18	6.0384341450068444e-18	1.2272251316217738e-17	521.1497875874616	698.6071977903737	1038.5845040801962	1328.5420108995997	308.6445550987006
71.342	478.56846	4.1307272	['SII-NII' 'NII-OIII' 'SII-OIII' 'NII-SII-OIII' 'SII-Ha']	2.7660026479192656e-17	5.4536233482784246e-18	1.6476496199673156e-17	1.6335097705018197e-17	9.572509667749413e-18	1.1183758743782354e-17	5.151338961235842e-18	1.2809662293829698e-17	nan	nan	nan	nan	148.7373110867108
25.00677	472.01902	12.437406	['SII-NII' 'NII-OIII' 'SII-OIII' 'NII-SII-OIII' 'SII-Ha']	1.7115612311735812e-15	5.622985246512944e-16	1.2910763985213316e-15	6.847654134625173e-16	4.282009676222172e-16	4.062921212226095e-16	2.784732922399078e-16	5.730064507128679e-16	10.885813258429355	nan	nan	nan	166.09753343152587
842.007	472.6954	2.209	['SII-NII' 'NII-OIII' 'SII-OIII' 'NII-SII-OIII' 'SII-Ha']	9.974804970788309e-18	1.297675850612684e-18	9.117058207043182e-18	4.692888936217269e-18	4.282948480965492e-18	3.1715659770233197e-18	1.52132295919395e-18	5.731320789142401e-18	nan	nan	nan	nan	165.5921584648194
472.92025	467.85679	3.7609742	['SII-NII' '' 'SII-OIII' 'NII-SII-OIII' 'SII-Ha']	8.928739748425172e-17	2.803214693184447e-17	2.5034207523707804e-17	4.282407360151517e-17	2.245603440861595e-17	2.706869346853048e-17	1.575538013298469e-17	3.005003151912409e-17	nan	nan	nan	nan	118.14672876629703
733.2261	463.7985	4.775	['SII-NII' 'NII-OIII' 'SII-OIII' 'NII-SII-OIII' 'SII-Ha']	2.6428932368613204e-17	5.385550922151014e-18	6.946095793001406e-18	3.6922212623439e-17	1.4974394093323224e-17	2.1175569711863072e-17	1.5746642911575926e-17	2.003831158681781e-17	91.1112359839816	106.7715263531814	87.20612074929505	85.31678524172806	93.26561727650467
59.362823	466.63293	5.5934949	['SII-NII' 'NII-OIII' 'SII-OIII' 'NII-SII-OIII' 'SII-Ha']	8.616647460352429e-17	2.7807343877682616e-17	2.6295498397865992e-17	6.531895437740225e-17	3.30605595443315e-17	3.607111456620081e-17	2.9247839811201446e-17	4.4240707787919335e-17	191.43105051842076	245.43126533913062	310.6498196571481	379.19929588078884	93.49898633138915
494.2406	463.3878	2.957	['SII-NII' '' 'SII-OIII' 'NII-SII-OIII' 'SII-Ha']	2.2190866061517006e-17	9.73536032012951e-18	1.399001647833279e-17	9.465688958240316e-18	4.566061373730831e-18	5.623294316388291e-18	3.842394641852024e-18	6.11017447257836e-18	8.188391016035233	nan	nan	nan	162.54833095380442
147.957	458.0514	3.956	['SII-NII' 'NII-OIII' 'SII-OIII' 'NII-SII-OIII' 'SII-Ha']	3.287512866273775e-17	9.319585108985489e-18	7.814862552309137e-17	2.975786691575419e-17	1.708774581422283e-17	1.7098775894950376e-17	1.2659091020803816e-17	2.2866339219321892e-17	85.31678524172806	99.45391383925511	76.46664874780345	73.18921461198543	307.04697822564884
156.106	452.3994	2.997	['SII-NII' '' 'SII-OIII' 'NII-SII-OIII' '']	3.243419241259322e-17	1.0654993620707605e-17	3.151984586327019e-17	8.169040869366485e-18	1.3530870961228946e-18	4.02019680975257e-18	4.148844059613916e-18	1.8106629668777373e-18	600.6613808001258	805.8017711642055	1207.939503447795	1548.6835598584646	nan
850.1606	461.4338	3.132	['SII-NII' 'NII-OIII' 'SII-OIII' 'NII-SII-OIII' '']	1.4958440060586127e-17	4.21328769400442e-18	1.7552543479532797e-17	5.977120361435479e-18	2.1652248118064924e-18	3.3908717031216747e-18	2.5862486583138045e-18	2.89744273885733e-18	118.50093029739635	144.32252751268123	150.78533191282756	164.59211914234524	330.85711801804695
362.18958	440.9137	3.712367	['' 'NII-OIII' 'SII-OIII' 'NII-SII-OIII' '']	4.653606352697437e-17	2.2350576751004245e-17	1.832634024684848e-16	6.224335809941035e-18	6.335318160681877e-18	2.3212419620274157e-18	3.903093847913619e-18	8.477743975094992e-18	3649.7378825374108	4826.450595457673	7121.254065146362	9040.860469688492	473.1131349344008
873.81225	1139.4526	6.2335245	['SII-NII' '' 'SII-OIII' 'NII-SII-OIII' '']	1.2012419982557094e-15	4.1486745841999556e-16	4.1912725117229707e-16	4.487730688376286e-16	1.8900160892057016e-16	2.6157490347381855e-16	1.8719816536381003e-16	2.529166192873832e-16	51.66915686436252	52.69383530906085	1.0	nan	220.85905700159157
487.1188	437.2551	3.547	['SII-NII' 'NII-OIII' 'SII-OIII' 'NII-SII-OIII' 'SII-Ha']	3.219616251652136e-17	6.229315710403389e-18	9.158818996360036e-18	1.7933737450449608e-17	7.630724816493866e-18	9.67693487020946e-18	8.256802580240146e-18	1.0211220604534874e-17	260.7181253415102	339.09473474593074	464.6265493442923	578.400784953887	116.09728166800713
445.4683	415.1127	3.473	['SII-NII' '' 'SII-OIII' 'NII-SII-OIII' 'SII-Ha']	3.9644804752730185e-16	1.2285073833619986e-16	6.076253520951635e-17	3.0437973106975586e-16	1.4599840798801013e-16	1.7959402460114235e-16	1.2478570646861348e-16	1.9537094938268963e-16	23.95026619987486	12.689610031679221	nan	nan	87.9520359152295
841.4769	424.9989	3.027	['SII-NII' '' 'SII-OIII' 'NII-SII-OIII' 'SII-Ha']	8.417265415046812e-18	6.875405161672729e-18	2.1403398411995474e-18	1.0847738280441728e-17	4.132007970190891e-18	6.882493367917918e-18	3.96524491252381e-18	5.529336457280619e-18	nan	nan	nan	nan	81.70791718077888
683.7121	416.8132	7.3689448	['SII-NII' '' 'SII-OIII' 'NII-SII-OIII' 'SII-Ha']	3.1149907715169513e-16	8.583661315377056e-17	9.110539702406929e-17	1.773391697923238e-16	9.23652029989175e-17	1.0278313067778305e-16	7.455603911454078e-17	1.2360050803639799e-16	64.17593074632362	70.05225445653043	30.475278373642023	12.689610031679221	111.22854226005383
473.218	420.3712	2.602	['SII-NII' 'NII-OIII' 'SII-OIII' 'NII-SII-OIII' 'SII-Ha']	1.301330740719144e-17	2.213652496504351e-18	5.7779840092884224e-18	8.16938830581344e-18	5.154210914296222e-18	4.164817679779826e-18	4.0045706260336144e-18	6.897219589732579e-18	454.2171421264834	606.1301831167248	892.9733393408513	1137.1135796407616	111.95958045240033
852.8652	411.2361	4.9787435	['SII-NII' '' 'SII-OIII' 'NII-SII-OIII' 'SII-Ha']	9.375229737376499e-17	2.936959995119682e-17	3.3521231454439677e-17	3.981757027423029e-17	2.3693349534315585e-17	2.339536938143652e-17	1.642220089279377e-17	3.1705771702355065e-17	33.265773171295514	26.722234481547595	nan	nan	123.59093366200638
407.0042	406.5372	4.5769539	['SII-NII' 'NII-OIII' 'SII-OIII' 'NII-SII-OIII' '']	1.071180189064368e-15	2.3397743854719074e-16	6.85053355956992e-16	2.4970785309952626e-16	2.8146783562265995e-16	1.4783841334340045e-16	1.0186943975612579e-16	3.7665231439240015e-16	15.454702240109402	3.562247890262442	nan	nan	208.45310793213451
800.4017	401.3917	5.103941	['SII-NII' 'NII-OIII' 'SII-OIII' 'NII-SII-OIII' 'SII-Ha']	2.345949529030023e-16	8.018495534332397e-17	2.9544206220225924e-16	1.5869466513782713e-16	7.296536331619208e-17	9.694836371407337e-17	6.174630142375377e-17	9.764019005130528e-17	nan	nan	nan	nan	209.8669386810799
275.8271	404.3689	3.084	['SII-NII' '' 'SII-OIII' 'NII-SII-OIII' 'SII-Ha']	3.0123940508447763e-17	1.8114856952579016e-17	1.4523984538444002e-17	1.5398920431319023e-17	1.0148874492207466e-17	1.0321531038494662e-17	5.0773893928243615e-18	1.3580937436462788e-17	nan	nan	nan	nan	136.1462776565488
762.3101	393.5802	4.6966775	['SII-NII' 'NII-OIII' 'SII-OIII' 'NII-SII-OIII' 'SII-Ha']	5.064134622394862e-17	1.3668708123872342e-17	7.312204124087751e-17	6.833980889544193e-17	3.580354982778602e-17	4.233922198201774e-17	2.6000586913424178e-17	4.791129997595204e-17	nan	nan	nan	nan	137.84072600295352
781.0564	392.7057	4.0431283	['SII-NII' 'NII-OIII' 'SII-OIII' 'NII-SII-OIII' 'SII-Ha']	6.644243468485334e-17	1.4464857671388835e-17	3.930188916023073e-17	2.7714819599943496e-17	1.7742548782598706e-17	1.7564865332238632e-17	1.0149954267704865e-17	2.374257807256133e-17	nan	nan	nan	nan	149.09960524183106
399.3473	366.1121	18.045852	['SII-NII' 'NII-OIII' 'SII-OIII' '' '']	1.4536395288876975e-14	4.353811640884491e-15	6.497982893351854e-15	3.6424544821749375e-15	3.0940601838390697e-15	2.177031905488423e-15	1.4654225766865146e-15	4.1403840212659085e-15	nan	nan	nan	nan	140.882812963817
430.0423	353.8538	4.1166905	['' 'NII-OIII' 'SII-OIII' 'NII-SII-OIII' '']	7.147758135768749e-16	2.2200212115138077e-16	4.817463954969102e-16	1.6077077753000467e-16	1.205792740266969e-16	9.530251525933359e-17	6.54682622706711e-17	1.6135578166308427e-16	12.689610031679221	nan	nan	nan	158.16788308882334
426.7318	336.2372	6.0612671	['SII-NII' 'NII-OIII' 'SII-OIII' 'NII-SII-OIII' '']	2.77625913001936e-15	7.255870571995939e-16	1.6615375849379482e-15	7.24479809523105e-16	6.521267564493717e-16	4.202882261341942e-16	3.041915833889109e-16	8.726576219641435e-16	62.785548240504255	67.04974743148651	23.95026619987486	3.562247890262442	155.2769806291145
614.8896	374.4911	3.42	['SII-NII' 'NII-OIII' 'SII-OIII' 'NII-SII-OIII' '']	3.9383060274173546e-17	8.592174387670348e-18	1.6698565821406417e-17	1.2778087083603822e-17	1.1266313027222422e-17	9.207698730408264e-18	3.570388353195558e-18	1.5076262149048702e-17	nan	nan	nan	nan	172.82091083268995
404.324	361.895	11.555182	['SII-NII' 'NII-OIII' 'SII-OIII' 'NII-SII-OIII' '']	1.057900374639526e-14	3.113830781192096e-15	5.627827558256686e-15	2.90075953842187e-15	2.346026375722084e-15	1.6888327545555818e-15	1.2119267838662883e-15	3.1393862893305993e-15	55.053480449463954	57.518791179702525	6.7233575364993365	nan	142.72414057996315
25.631733	330.25788	3.224	['SII-NII' '' 'SII-OIII' 'NII-SII-OIII' '']	7.596174598525558e-17	1.7504841788368058e-17	1.7992028825617152e-17	2.4153187273503974e-17	1.854167990396465e-17	1.3604884832707652e-17	1.0548302440796324e-17	2.481195278708109e-17	138.13672512715183	171.96260170078793	192.01026612427106	223.6576867587071	127.42753472734827
534.1718	325.4098	7.8111246	['SII-NII' 'NII-OIII' 'SII-OIII' 'NII-SII-OIII' 'SII-Ha']	9.871346596947588e-16	3.375472295322115e-16	4.1763444097260587e-16	5.444202707272845e-16	3.2478259598822045e-16	3.161008118232719e-16	2.283194589040126e-16	4.346149043378892e-16	60.09449923536018	64.17593074632362	20.545794921249385	nan	125.71725760417033
803.4022	317.9248	4.7145962	['SII-NII' 'NII-OIII' 'SII-OIII' 'NII-SII-OIII' '']	3.7173918510124675e-16	1.0987988317103492e-16	2.432816830419982e-16	1.0804435362147781e-16	7.645073572350823e-17	6.02648305208249e-17	4.777952310065292e-17	1.0230421704689768e-16	164.59211914234524	207.0742620941618	249.54349564590342	297.33506950263336	156.37536125927292
264.4271	315.4386	3.4678732	['' 'NII-OIII' 'SII-OIII' 'NII-SII-OIII' '']	2.365733858818292e-17	6.3129992281906016e-18	7.062242981593048e-17	2.050262275048583e-18	4.9649848963808195e-18	1.4806743960556422e-18	5.695878789929406e-19	6.6440026726613095e-18	nan	nan	nan	nan	nan
334.53872	291.81498	4.935	['SII-NII' 'NII-OIII' 'SII-OIII' 'NII-SII-OIII' 'SII-Ha']	2.554930519474603e-16	9.167729043758063e-17	2.3196316586612357e-16	1.2985951039539584e-16	8.397232341841215e-17	7.869436053378947e-17	5.1165149861606365e-17	1.1236939343525401e-16	nan	nan	nan	nan	182.205262513551
820.241	308.4894	5.4841825	['SII-NII' 'NII-OIII' 'SII-OIII' 'NII-SII-OIII' '']	9.737454382060713e-17	3.2825676074321444e-17	1.1044759802593384e-16	3.27884529338919e-17	2.445599815710412e-17	1.8961045541573747e-17	1.3827407392318155e-17	3.2726326566842586e-17	70.05225445653043	79.89084732933348	42.32870270623382	23.95026619987486	159.25386619033364
397.4289	302.0192	4.9649071	['' 'NII-OIII' 'SII-OIII' 'NII-SII-OIII' '']	2.3360274105395176e-15	6.939315433210914e-16	2.1118569768502217e-15	4.574751202682089e-16	3.504168874889526e-16	2.6959325021354437e-16	1.8788187005466458e-16	4.689179898048344e-16	26.722234481547595	17.625260839407403	nan	nan	178.22032314252763
129.4069	296.694	5.7794864	['SII-NII' 'NII-OIII' 'SII-OIII' 'NII-SII-OIII' 'SII-Ha']	3.0675704507399843e-16	7.904822739689772e-17	7.875505044038039e-17	3.3489676011864874e-16	1.1644034018233989e-16	1.9802299373995064e-16	1.368737663786981e-16	1.55817177196448e-16	18.822313745983234	6.7233575364993365	nan	nan	81.64115401158446
53.5564	301.3647	2.54	['SII-NII' 'NII-OIII' 'SII-OIII' 'NII-SII-OIII' 'SII-Ha']	1.740939576121088e-17	4.722633351778773e-18	9.234235185283024e-18	9.86219197268821e-18	5.052804765042449e-18	6.577338075701302e-18	3.2848538969869083e-18	6.761520742560363e-18	nan	nan	nan	nan	139.18039393637062
905.7935	278.3964	3.692	['SII-NII' 'NII-OIII' 'SII-OIII' 'NII-SII-OIII' 'SII-Ha']	9.529853321025584e-17	2.961601802247169e-17	6.964948056334454e-17	7.22411861993988e-17	3.576708391849206e-17	4.1108332699671224e-17	3.113285349972757e-17	4.786250232523075e-17	110.71341684829764	134.02582419592406	132.2160521833825	144.32252751268123	142.4771777344315
760.3166	256.5111	4.0879052	['SII-NII' '' 'SII-OIII' 'NII-SII-OIII' 'SII-Ha']	1.7572694956745645e-16	5.282450072326139e-17	6.317046765791477e-17	1.0150069342300183e-16	4.373687072788023e-17	5.960797524171055e-17	4.189271818129127e-17	5.852744612006773e-17	34.75542408672053	29.169078621515443	nan	nan	123.57262780791459
702.6948	251.2695	2.696	['SII-NII' 'NII-OIII' 'SII-OIII' 'NII-SII-OIII' 'SII-Ha']	1.4391011544057364e-17	2.69778744295304e-18	2.297914868517855e-18	1.039664875139746e-17	5.641966393122957e-18	6.300469101097724e-18	4.096179650299737e-18	7.549920206665427e-18	nan	nan	nan	nan	87.52472314428307
620.149	252.0914	3.6387774	['SII-NII' 'NII-OIII' 'SII-OIII' 'NII-SII-OIII' '']	9.753359803878069e-17	1.751282984406167e-17	4.7640467882452646e-17	2.57576239769334e-17	1.3824830900216392e-17	1.5743666045722876e-17	1.0013957931210525e-17	1.849999856335579e-17	nan	nan	nan	nan	234.95667817199256
872.7253	249.9323	3.192	['SII-NII' '' 'SII-OIII' 'NII-SII-OIII' '']	2.7389554450110516e-17	6.014874723460871e-18	5.628010374049438e-18	9.734944812199451e-18	4.327359923134818e-18	5.3867590876106484e-18	4.348185724588802e-18	5.7907509277284905e-18	185.73412898565886	238.84782133044254	297.33506950263336	362.9464492221527	267.76721971822906
387.1107	247.8124	3.148	['SII-NII' 'NII-OIII' 'SII-OIII' 'NII-SII-OIII' 'SII-Ha']	1.7724492559823538e-17	5.402676240437267e-18	2.869240826539455e-17	8.513285194237009e-18	2.6232798581770656e-18	5.010262893090275e-18	3.503022301146734e-18	3.510399075246287e-18	29.169078621515443	21.465841542591217	nan	nan	393.9366345524229
399.0789	247.9414	4.438	['SII-NII' '' 'SII-OIII' 'NII-SII-OIII' 'SII-Ha']	4.1782027517397036e-17	1.445444571356351e-17	8.595102336989317e-18	3.11242630742017e-17	1.5141251227622214e-17	1.9234391871914612e-17	1.1889871202287085e-17	2.0261595095100628e-17	nan	nan	nan	nan	92.15889048948566
576.3227	1062.3382	10.130535	['' 'NII-OIII' 'SII-OIII' 'NII-SII-OIII' '']	2.562061600261497e-15	6.806603875309942e-16	3.580955114580999e-15	4.949954653339587e-16	3.241025800758775e-16	2.9512664981339553e-16	1.9986881552056317e-16	4.3370492623456167e-16	nan	nan	nan	nan	332.68064356574007
262.7903	239.1098	3.812	['SII-NII' 'NII-OIII' 'SII-OIII' 'NII-SII-OIII' 'SII-Ha']	3.9798828230211145e-17	5.712997486046479e-18	1.059644797387632e-17	4.825478507737518e-17	8.99571239053007e-18	2.744185305242634e-17	2.081293202494884e-17	1.2037808455115591e-17	112.2288610013797	136.2714429657542	138.13672512715183	150.78533191282756	153.0967688396351
275.7461	237.2591	3.753	['SII-NII' 'NII-OIII' 'SII-OIII' 'NII-SII-OIII' 'SII-Ha']	3.284456264771465e-17	3.320221614792026e-18	7.768754502033221e-18	1.907343220534818e-17	1.0501834755550271e-17	1.2167215663216292e-17	6.9062165421318876e-18	1.4053258900059232e-17	nan	nan	nan	nan	103.14166107390982
775.7212	1073.0653	3.516	['SII-NII' '' 'SII-OIII' 'NII-SII-OIII' 'SII-Ha']	4.2515573041189125e-17	1.845342709310117e-17	1.375789425794845e-17	2.1863363446552583e-17	1.0861850745837772e-17	1.0496599673680311e-17	1.1366763772872272e-17	1.4535022138335055e-17	715.6976500047881	963.0307745841532	1458.9800940039122	1870.5394428242323	120.46332314438158
686.1249	236.1282	2.241777	['SII-NII' 'NII-OIII' 'SII-OIII' 'NII-SII-OIII' '']	2.424544518863735e-17	5.809001693570021e-18	2.047973952791971e-17	6.65781306210825e-18	9.422023049480407e-18	4.189570785114683e-18	2.4682422769935667e-18	1.2608285348109707e-17	nan	nan	nan	nan	161.81410868307202
649.9011	1157.0692	7.882481	['' 'NII-OIII' 'SII-OIII' 'NII-SII-OIII' '']	1.9723434728374994e-16	6.06421662845484e-17	2.2798946964324395e-16	4.3369132918731145e-17	2.991666861492e-17	2.2906769883283504e-17	2.046236303544764e-17	4.00336416691902e-17	328.01092604546614	431.47772764515423	612.5734151126721	775.3528087326977	204.63477708529592
541.3499	227.9956	3.7492192	['SII-NII' 'NII-OIII' 'SII-OIII' 'NII-SII-OIII' 'SII-Ha']	2.0392138689762097e-16	4.6858784931455335e-17	1.8999958392443106e-16	1.8530115309265856e-16	9.600487234659117e-17	1.0616591342826917e-16	7.913523966438937e-17	1.2847101084319899e-16	93.34014549093419	110.37944023282834	95.1912234049912	95.1912234049912	146.43056924885727
1005.4275	1124.662	2.383	['SII-NII' '' 'SII-OIII' 'NII-SII-OIII' 'SII-Ha']	6.663009419298898e-17	1.458126526668574e-17	2.3462890761706002e-17	2.899942257840198e-17	1.1124375612610314e-17	1.619343675543283e-17	1.2805985822969145e-17	1.4886325506397314e-17	161.02620275609394	202.74103255932556	243.58453911205746	289.35935875043907	201.28251944611236
399.1011	221.1379	3.057	['SII-NII' 'NII-OIII' 'SII-OIII' 'NII-SII-OIII' 'SII-Ha']	1.5362023766557375e-17	4.963860027425026e-18	2.5596924861332263e-18	2.834248444039802e-17	1.2792013466749436e-17	1.6060373736122772e-17	1.228211070427525e-17	1.7117911420789118e-17	121.12512686851943	149.19932629924475	157.53754255768436	175.37288322946864	87.02486628109128
414.7781	219.5202	4.6726247	['SII-NII' 'NII-OIII' 'SII-OIII' 'NII-SII-OIII' 'SII-Ha']	1.9169414023914053e-16	5.4587868936963836e-17	1.1991409335007386e-16	1.5381460773775409e-16	7.88827705390662e-17	9.105586173558851e-17	6.275874600216557e-17	1.0555869740319259e-16	16.146768263076986	3.562247890262442	nan	nan	111.05097981574002
694.7187	225.5459	3.3431804	['SII-NII' '' 'SII-OIII' 'NII-SII-OIII' 'SII-Ha']	4.684161054877091e-17	1.7440794313889945e-17	1.317430583174112e-17	3.091200828095432e-17	1.266508656033904e-17	1.7568066101936217e-17	1.3343942179018103e-17	1.694806141660522e-17	113.42186641212268	138.13672512715183	138.13672512715183	150.78533191282756	111.17001662499892
602.27373	221.70047	2.334	['SII-NII' 'NII-OIII' 'SII-OIII' 'NII-SII-OIII' 'SII-Ha']	1.13869036809247e-16	2.1810063225880283e-17	2.8729286780181174e-17	1.3007620389058515e-16	2.999979278388623e-17	7.57679160070951e-17	5.430828788349007e-17	4.0144876086273116e-17	52.69383530906085	55.053480449463954	3.562247890262442	nan	108.5157190628337
333.11188	870.33872	3.8313536	['SII-NII' '' 'SII-OIII' 'NII-SII-OIII' 'SII-Ha']	6.876809705572791e-17	2.64329438284816e-17	1.9395635561633736e-17	2.895695372293787e-17	1.897073720714381e-17	1.3727468476252752e-17	1.5229485246685116e-17	2.538610516186983e-17	781.2311143605561	1051.2115069636657	1598.5984616556213	2043.3597178569416	118.28392683346956
286.4721	892.74	3.594	['SII-NII' '' 'SII-OIII' 'NII-SII-OIII' '']	6.428226097520006e-17	1.0495094728221379e-17	1.2220312195390697e-17	2.1000585894044046e-17	1.1371493857684622e-17	1.0090146139196926e-17	1.091043975484712e-17	1.5217012168089655e-17	712.461647530401	957.2294064065294	1450.1910906693138	1862.0818626360378	176.70452407658914
882.2317	1017.3812	1.987	['SII-NII' '' 'SII-OIII' 'NII-SII-OIII' 'SII-Ha']	3.4810617000157034e-17	1.1573733715653516e-17	8.990928823573995e-18	1.420317991655767e-17	5.929614031637515e-18	8.479771353179667e-18	5.723408563378002e-18	7.934842158889e-18	nan	nan	nan	nan	183.75300546105618
323.01086	860.43238	7.1515555	['SII-NII' '' 'SII-OIII' 'NII-SII-OIII' '']	3.1802510262009964e-16	8.812456962607328e-17	8.467583635720646e-17	1.1690836973531661e-16	7.182111495933122e-17	7.65372033802352e-17	4.037116635508142e-17	9.61089891917189e-17	nan	nan	nan	nan	239.52692594195645
664.93103	851.26527	6.2798144	['SII-NII' '' 'SII-OIII' 'NII-SII-OIII' 'SII-Ha']	5.1285520321979745e-15	1.3417906640903593e-15	1.2595571442998672e-15	2.2778133406072293e-15	1.2607978080197283e-15	1.3153116746539756e-15	9.625016659532537e-16	1.6871640460124549e-15	73.18921461198543	83.4683825107768	50.435326829649455	37.11590441103234	120.21818946162878
392.9356	197.6451	2.619	['SII-NII' '' 'SII-OIII' 'NII-SII-OIII' 'SII-Ha']	1.5080898611100566e-17	7.35483033557357e-18	4.403570957460492e-18	1.0642350186330377e-17	4.584514865800343e-18	6.120666757417921e-18	4.521683428912456e-18	6.134868414894106e-18	83.4683825107768	97.37274434747476	73.18921461198543	64.17593074632362	110.38960002742988
633.152	851.6746	1.977	['SII-NII' 'NII-OIII' 'SII-OIII' 'NII-SII-OIII' 'SII-Ha']	1.3815465626987133e-17	2.8243204496791076e-18	2.5943502740599886e-17	1.02210807882168e-17	7.5685247456254e-18	5.265238638499891e-18	4.955842149716909e-18	1.0127986225032309e-17	415.1734086559847	553.609970816812	808.2398968487073	1027.6603589212777	271.42126790268134
418.72493	889.86615	2.922	['SII-NII' '' 'SII-OIII' 'NII-SII-OIII' 'SII-Ha']	2.5025580987693575e-17	1.173754363221681e-17	9.890185262115723e-18	1.2310775264032675e-17	3.3959105466690197e-18	9.950876468675614e-18	2.35989879535706e-18	4.544311658356581e-18	nan	nan	nan	nan	354.09129888277454
709.88354	904.83811	6.6673723	['SII-NII' 'NII-OIII' 'SII-OIII' 'NII-SII-OIII' '']	8.204911400126191e-17	9.022453027527954e-18	5.492267796921874e-17	2.8827294596566806e-17	2.1329817353022316e-17	1.2366787653873324e-17	1.646050694269348e-17	2.8542959638036364e-17	1471.1520135958722	1978.062948858914	3030.88570959951	3888.795276636847	152.53131741192078
350.21972	880.24004	10.475695	['SII-NII' '' 'SII-OIII' 'NII-SII-OIII' '']	7.692443072748917e-16	2.434525613096938e-16	2.250464653055138e-16	2.995829652719149e-16	1.9820545725620614e-16	1.7548497663948729e-16	1.2409798863242766e-16	2.6523294939048384e-16	40.51445378273449	37.11590441103234	nan	nan	123.11897855509757
626.23866	888.17877	5.4152133	['SII-NII' '' 'SII-OIII' 'NII-SII-OIII' 'SII-Ha']	3.566157619853273e-16	9.518685873884435e-17	7.481860730351358e-17	1.5567106635155912e-16	9.419715177380776e-17	9.581204008633837e-17	5.985902626522074e-17	1.26051970187959e-16	nan	nan	nan	nan	199.32697370561192
1120.5726	1059.1512	4.643	['SII-NII' '' 'SII-OIII' 'NII-SII-OIII' 'SII-Ha']	5.928433395934884e-17	1.7925542227655258e-17	1.8916351424703455e-17	3.2974288858721865e-17	1.1000937849354513e-17	1.9846066774744904e-17	1.312822208397696e-17	1.472114457511659e-17	nan	nan	nan	nan	167.19623520526244
1097.6407	1113.3641	6.7313452	['SII-NII' 'NII-OIII' 'SII-OIII' 'NII-SII-OIII' 'SII-Ha']	5.569037068527955e-17	1.0216902656296661e-17	1.5483754962266405e-16	6.082228690144886e-17	2.47605111186308e-17	3.6149925687821376e-17	2.467236121362748e-17	3.313381721836865e-17	6.7233575364993365	nan	nan	nan	339.9015587498383
1152.3769	866.7825	4.1625986	['SII-NII' '' 'SII-OIII' 'NII-SII-OIII' 'SII-Ha']	7.787191011807022e-16	1.7592810348658756e-16	1.590507479637325e-16	7.201572203552882e-16	1.8402252555601677e-16	4.2467068330441614e-16	2.954865370508721e-16	2.46253750442483e-16	23.95026619987486	15.454702240109402	nan	nan	106.80846932010637
904.34703	1095.6988	6.2068709	['SII-NII' '' 'SII-OIII' 'NII-SII-OIII' 'SII-Ha']	5.495218682100176e-15	1.6459162754049523e-15	3.0111029570332726e-15	2.3620276157148495e-15	8.319187745846746e-16	1.367321066013202e-15	9.947065497016477e-16	1.113250226764386e-15	67.04974743148651	76.46664874780345	37.11590441103234	18.822313745983234	260.7710102971763
978.3461	1012.2218	2.441	['SII-NII' '' 'SII-OIII' 'NII-SII-OIII' 'SII-Ha']	5.2765782644930475e-17	1.7739836714560715e-17	9.804525016580583e-18	2.5470971709896757e-17	1.0195483315585688e-17	1.6662403934119092e-17	8.808567775777664e-18	1.364330804857084e-17	nan	nan	nan	nan	130.82050780818543
863.2531	1021.3462	2.817	['SII-NII' 'NII-OIII' 'SII-OIII' 'NII-SII-OIII' 'SII-Ha']	3.1551517579958744e-17	1.3278564111640226e-17	4.617200929810638e-17	1.6154472680114466e-17	6.165743140612758e-18	9.103802296888389e-18	7.050670383226079e-18	8.25082346877541e-18	135.86036834984583	168.6186361263794	187.7085036595387	217.65829684457344	274.76586034232224
603.18358	1075.4977	6.6323082	['SII-NII' 'NII-OIII' 'SII-OIII' 'NII-SII-OIII' 'SII-Ha']	2.234495590436846e-16	5.959023954243806e-17	8.655297966921384e-17	1.355496349427155e-16	6.468324907200736e-17	7.98862784200813e-17	5.56633565226342e-17	8.655729849734298e-17	25.576893801534162	17.625260839407403	nan	nan	119.77967582112584
670.25611	1063.1224	5.2240927	['SII-NII' 'NII-OIII' 'SII-OIII' 'NII-SII-OIII' 'SII-Ha']	1.6229377761804626e-16	4.315189313416033e-17	8.112730021100016e-17	6.896520651331386e-17	2.785056103662034e-17	4.0542972630997973e-17	2.8422233882315886e-17	3.726883481504749e-17	31.83997012733622	25.576893801534162	nan	nan	178.678579250671
1022.4001	1084.7606	2.154	['SII-NII' '' 'SII-OIII' 'NII-SII-OIII' 'SII-Ha']	3.5146495298184015e-17	9.520818752789883e-18	1.165825378023403e-17	1.6961950000138136e-17	6.477659345029162e-18	9.475139676392528e-18	7.486810323745607e-18	8.668220931011312e-18	159.2121843475903	201.51970567587665	241.38680052571266	284.5910023501971	152.0447284713993
730.99179	897.70972	3.8343209	['SII-NII' '' 'SII-OIII' 'NII-SII-OIII' 'SII-Ha']	7.011721367074712e-17	2.367168685123557e-17	1.7403226156946974e-17	3.51092755170066e-17	1.701116525409041e-17	2.145969840125661e-17	1.3649577115749993e-17	2.2763861274914733e-17	nan	nan	nan	nan	117.43811779306992
1036.5223	1014.845	3.705	['SII-NII' '' 'SII-OIII' 'NII-SII-OIII' 'SII-Ha']	7.287986567265411e-17	2.6058013327451406e-17	1.1913725804593732e-17	3.549115615726939e-17	1.2544882826007934e-17	1.9705827474254945e-17	1.578532868301444e-17	1.6787208171564753e-17	176.16942727648942	223.6576867587071	279.0568774577318	335.52803401966696	205.26622356264107
1027.5665	1043.3922	3.836	['SII-NII' '' 'SII-OIII' 'NII-SII-OIII' 'SII-Ha']	9.536101209215397e-17	3.210993853566782e-17	1.4301824726832618e-17	5.3225228701079555e-17	1.741886022193449e-17	3.006747197082688e-17	2.3157756730252677e-17	2.330942717541952e-17	129.25390822098902	161.02620275609394	174.84385573078413	196.1141445827077	187.486735052631
1001.7106	1054.8563	5.707	['' 'NII-OIII' 'SII-OIII' 'NII-SII-OIII' '']	6.335452854200745e-15	1.7486644271554986e-15	1.2743749171063443e-14	1.368217360281953e-15	6.929210371356898e-16	7.98592535468579e-16	5.696248248133738e-16	9.27247377132737e-16	48.27362019663342	48.27362019663342	nan	nan	428.8124013755178
1122.6444	1079.2144	3.517	['SII-NII' '' 'SII-OIII' 'NII-SII-OIII' 'SII-Ha']	3.2672553268389545e-17	1.130345374610702e-17	8.382369098346427e-18	1.6469590530867736e-17	6.3086933233679746e-18	1.1190310299747784e-17	5.279280231119951e-18	8.44211536917482e-18	nan	nan	nan	nan	131.14180517651224
840.8487	1061.2073	2.946	['SII-NII' '' 'SII-OIII' 'NII-SII-OIII' 'SII-Ha']	1.3282714693271827e-16	4.411427886090934e-17	2.320821558463889e-17	5.888116791195539e-17	2.281631340874449e-17	3.5586502665821844e-17	2.3294665246133545e-17	3.0532146709746856e-17	nan	nan	nan	nan	193.416597507142
606.707	1064.2722	3.6227924	['SII-NII' '' 'SII-OIII' 'NII-SII-OIII' 'SII-Ha']	2.410801470997794e-17	8.060920655410355e-18	6.992194162249133e-18	1.6948919423263392e-17	7.786594291926831e-18	9.534319026145539e-18	7.414600397117851e-18	1.0419800737803304e-17	140.4512225354641	175.37288322946864	199.40006061229516	228.61057390671976	106.14310591751223
1071.6912	1038.86	4.4229623	['SII-NII' 'NII-OIII' 'SII-OIII' 'NII-SII-OIII' 'SII-Ha']	5.4228193839470546e-17	1.7220131740517018e-17	3.6235920417557025e-17	2.7742663081505414e-17	9.967193120049873e-18	1.604669608024348e-17	1.1695967001261933e-17	1.3337816551428927e-17	70.05225445653043	78.21905395574115	42.32870270623382	23.95026619987486	206.01145278456386
865.21286	958.80256	4.3637141	['' 'NII-OIII' 'SII-OIII' 'NII-SII-OIII' '']	7.729794139055561e-17	2.144819545507702e-17	1.622418287821993e-16	1.6777899320218128e-17	1.2366564722623192e-17	1.2274828412913247e-17	4.5030709073048815e-18	1.6548587917888714e-17	nan	nan	nan	nan	273.1453790607918
846.88934	1001.5361	4.0946586	['SII-NII' 'NII-OIII' 'SII-OIII' 'NII-SII-OIII' 'SII-Ha']	1.8267148489658763e-16	3.408661805352074e-17	1.0451268588163598e-16	1.8247765002144815e-16	5.083861559853499e-17	1.0539376717642543e-16	7.708388284502275e-17	6.803080068929982e-17	73.18921461198543	83.4683825107768	50.435326829649455	35.52508103782977	115.90564870775682
843.8382	1043.9827	3.042	['SII-NII' '' 'SII-OIII' 'NII-SII-OIII' 'SII-Ha']	1.5288545161749345e-16	4.602442718918111e-17	4.0163696153733217e-17	6.14892295034346e-17	2.3045040013161996e-17	3.682384264652226e-17	2.4665386856912335e-17	3.083822219693845e-17	nan	nan	nan	nan	260.3610309443827
854.34086	993.7743	4.7906653	['SII-NII' 'NII-OIII' 'SII-OIII' 'NII-SII-OIII' '']	3.551373710075137e-16	8.757523196578672e-17	1.952176635658818e-16	8.308634465338523e-17	7.019880204853484e-17	4.8470858160768366e-17	3.461548649261687e-17	9.393805583740375e-17	50.435326829649455	50.435326829649455	nan	nan	260.24393490850935
852.7843	1028.3059	2.867	['SII-NII' '' 'SII-OIII' 'NII-SII-OIII' '']	7.025479535790276e-17	1.9960480821613308e-17	2.6778208012020404e-17	2.397408169795024e-17	9.411302024129399e-18	1.3630211639300086e-17	1.0343870058650154e-17	1.2593938774540538e-17	113.42186641212268	138.13672512715183	138.13672512715183	150.78533191282756	311.86607108773103
1145.3756	1032.9338	7.5681466	['SII-NII' '' 'SII-OIII' 'NII-SII-OIII' 'SII-Ha']	5.525059386580908e-16	1.540453152603871e-16	1.4863047408336079e-16	2.804499702032484e-16	8.637532849582521e-17	1.734447332604514e-16	1.0700523694279698e-16	1.1558502701520487e-16	nan	nan	nan	nan	270.5308886112558
789.7395	937.41482	5.6170493	['SII-NII' 'NII-OIII' 'SII-OIII' 'NII-SII-OIII' 'SII-Ha']	1.5204745325900355e-16	4.3481364373579453e-17	1.1843317869125065e-16	1.3513380473808563e-16	5.029337112625286e-17	8.132384804937059e-17	5.3809956688715034e-17	6.730116992370836e-17	nan	nan	nan	nan	148.6564139971661
740.905	979.7776	5.6850895	['SII-NII' 'NII-OIII' 'SII-OIII' 'NII-SII-OIII' 'SII-Ha']	2.541588793014872e-16	6.693236566894258e-17	2.3854764872268745e-16	2.0075489232429892e-16	1.0261088752951414e-16	8.894628451824893e-17	1.1180860780605e-16	1.3731099393417977e-16	1202.4778462493387	1622.929764526012	2488.6120164509143	3200.271062255642	161.42601587133163
761.2283	960.1445	5.143353	['SII-NII' 'NII-OIII' 'SII-OIII' 'NII-SII-OIII' 'SII-Ha']	9.804678341078695e-17	2.5401207206290727e-17	4.764829503204473e-17	8.563654099435203e-17	2.972519128987293e-17	5.3811944458826746e-17	3.1824596535525287e-17	3.9777412116448944e-17	nan	nan	nan	nan	123.03269209052202
810.16178	954.24293	8.905165	['SII-NII' '' 'SII-OIII' 'NII-SII-OIII' 'SII-Ha']	3.6083440752824204e-16	1.0192524522540908e-16	3.5155951677125085e-17	2.7705789382341e-16	1.0394479206336918e-16	1.6507618855339164e-16	1.1198170527001835e-16	1.3909598733757728e-16	1.8873918221350972	nan	nan	nan	94.37592355598
1087.114	951.33933	4.6435162	['SII-NII' 'NII-OIII' 'SII-OIII' 'NII-SII-OIII' '']	4.664974914622716e-17	1.2120540211613966e-17	3.3036655773932416e-17	1.6431351132947916e-17	8.917211884674351e-18	8.759147217725012e-18	7.672203915222904e-18	1.1932761293523851e-17	297.33506950263336	392.0128094596356	548.6150314865716	689.1737937288327	169.20096843473073
990.9604	944.9082	4.9814155	['SII-NII' 'NII-OIII' 'SII-OIII' 'NII-SII-OIII' 'SII-Ha']	4.1911941432199636e-17	1.3059224334894724e-17	3.205820546297136e-17	3.1333197775883806e-17	1.1304870884587999e-17	1.5521417257806915e-17	1.5811780518076894e-17	1.5127859185643072e-17	570.5905471961883	766.039381238118	1147.466583142155	1467.8223638218826	157.2534606161862
730.45603	906.69672	3.8698343	['SII-NII' '' 'SII-OIII' 'NII-SII-OIII' 'SII-Ha']	8.175407050986821e-17	2.1432230860661382e-17	1.9988756410572112e-17	3.42757150272055e-17	2.131827583192109e-17	1.987322041248456e-17	1.4402494614720945e-17	2.8527515100209256e-17	64.22442026538874	70.05225445653043	27.918863847492663	6.7233575364993365	119.69314619684874
996.89699	1063.5737	3.6371473	['SII-NII' 'NII-OIII' 'SII-OIII' 'NII-SII-OIII' '']	7.891064412943585e-16	2.355349644103348e-16	9.5842224064732e-16	1.7686738290319985e-16	7.315770754319379e-17	1.0327239500386676e-16	7.359498789933309e-17	9.789757966777758e-17	48.27362019663342	46.20456638974086	nan	nan	483.2432121697706
485.39395	206.85541	3.9586985	['SII-NII' '' 'SII-OIII' 'NII-SII-OIII' 'SII-Ha']	1.7687831995918827e-15	5.050600616732452e-16	2.8595241492854966e-16	8.653860327281313e-16	4.947250623078599e-16	5.021725150083311e-16	3.632135177198001e-16	6.620271168603048e-16	62.785548240504255	67.04974743148651	23.95026619987486	1.8873918221350972	183.5792252401396
449.70112	195.72711	3.8671055	['' 'NII-OIII' 'SII-OIII' 'NII-SII-OIII' '']	3.9872549403435373e-16	5.551352037443576e-17	2.396501422990389e-16	7.90148615299031e-17	4.4151383311454483e-17	4.610647619388372e-17	3.290838533601938e-17	5.908213516154429e-17	48.27362019663342	48.27362019663342	nan	nan	338.37302274544453
647.72271	131.6258	2.6800741	['SII-NII' 'NII-OIII' 'SII-OIII' 'NII-SII-OIII' 'SII-Ha']	4.1415788053223004e-17	1.2591817422204657e-17	1.5674626564259024e-17	1.975929785520003e-17	1.8453602163658286e-17	1.069586555538981e-17	9.063432299810219e-18	2.469408964062439e-17	249.54349564590342	324.56080816314216	443.3706954985972	550.2749836572384	107.36350230255255
677.64661	90.82962	3.6075168	['SII-NII' 'NII-OIII' 'SII-OIII' 'NII-SII-OIII' '']	4.5301057167995456e-17	1.2378456939520528e-17	2.116692618153587e-17	1.4469650489829062e-17	1.0302779768516047e-17	6.1122776799221715e-18	8.357372809906891e-18	1.3786889133894196e-17	1613.1531163243935	2172.2718915886308	3323.438150835862	4257.7199064055685	136.89909241384024
996.08795	1057.4155	13.235028	['SII-NII' 'NII-OIII' 'SII-OIII' 'NII-SII-OIII' '']	2.1641152220953134e-14	6.047152658314488e-15	2.263233020403858e-14	5.3329423930901786e-15	2.8714271158444834e-15	3.135622624248647e-15	2.197319768841532e-15	3.842462732551204e-15	31.83997012733622	23.95026619987486	nan	nan	277.1525231918487
970.78541	1073.7006	4.1146058	['SII-NII' '' 'SII-OIII' 'NII-SII-OIII' '']	3.6603899417149717e-16	1.251915728608657e-16	2.6831071067000554e-16	9.545738869508255e-17	5.0293416335898615e-17	5.642986687128003e-17	3.9027521823802526e-17	6.730123042198049e-17	18.822313745983234	6.7233575364993365	nan	nan	251.55813989683188
934.47895	1049.674	5.304161	['SII-NII' '' 'SII-OIII' 'NII-SII-OIII' '']	1.0006583461777377e-15	2.657214357404476e-16	3.189279921754365e-16	3.9715739996972737e-16	1.6164620580793277e-16	2.3035364829178336e-16	1.6680375167794398e-16	2.1631039083247398e-16	62.785548240504255	70.05225445653043	26.722234481547595	3.562247890262442	212.74683701601197
918.00538	1054.1315	4.4599025	['SII-NII' 'NII-OIII' 'SII-OIII' 'NII-SII-OIII' 'SII-Ha']	5.388188946372462e-16	1.7674592923847266e-16	3.7607701632896683e-16	2.4343060005844215e-16	9.89229063387664e-17	1.4608363479122467e-16	9.734696526721745e-17	1.3237584158237427e-16	nan	nan	nan	nan	193.91330134521732
1087.0048	1066.9228	3.8761343	['SII-NII' '' 'SII-OIII' 'NII-SII-OIII' '']	9.155673187913216e-17	2.1531693434204135e-17	4.186863857928975e-17	2.6504615052027583e-17	1.1561620217604203e-17	1.4949157835509885e-17	1.1555457216517697e-17	1.5471433897422578e-17	133.6215236836225	164.59211914234524	184.05834503171448	214.07150311753986	355.93496844186524
1064.7924	957.47965	8.6427699	['SII-NII' 'NII-OIII' 'SII-OIII' 'NII-SII-OIII' 'SII-Ha']	1.033719647874193e-15	2.5814563538493046e-16	5.254448588292986e-16	6.43674664996209e-16	2.8945878171219414e-16	3.757140112890047e-16	2.679606537072043e-16	3.873455729387974e-16	48.27362019663342	48.27362019663342	nan	nan	128.5930175761964
1014.2466	876.08428	7.6077173	['SII-NII' '' 'SII-OIII' 'NII-SII-OIII' 'SII-Ha']	1.460735136498449e-16	2.7552274366706714e-17	3.603903254659576e-17	8.684942084929851e-17	2.6178660023777055e-17	5.1986910628701006e-17	3.4862510220597506e-17	3.5031544061987375e-17	nan	nan	nan	nan	201.4673224838408
860.06286	986.80713	2.8064532	['' 'NII-OIII' 'SII-OIII' 'NII-SII-OIII' '']	3.904251861182383e-17	1.0550573403518956e-18	1.1233922124221608e-17	5.027675017716119e-18	4.580372185605947e-18	3.7566061883794556e-18	1.2710688293366637e-18	6.1293247971675736e-18	nan	nan	nan	nan	nan
808.95681	938.86016	4.2906215	['SII-NII' 'NII-OIII' 'SII-OIII' 'NII-SII-OIII' 'SII-Ha']	3.9402025537771676e-17	9.953560210939722e-18	1.5152873609356594e-17	3.1818552936997394e-17	9.857496702430945e-18	1.8664434115598586e-17	1.3154118821398805e-17	1.3191023901088185e-17	37.11590441103234	31.83997012733622	nan	nan	130.00744590950907
966.4811	913.62305	5.9598213	['SII-NII' 'NII-OIII' 'SII-OIII' 'NII-SII-OIII' 'SII-Ha']	3.1807791449466126e-17	4.492376784157404e-18	1.678969815508165e-17	2.775936130170711e-17	1.0561017840716458e-17	1.8200804833262962e-17	9.558556468444148e-18	1.4132456034436645e-17	nan	nan	nan	nan	119.07014170972164
1064.0413	953.86708	4.0042492	['SII-NII' 'NII-OIII' 'SII-OIII' 'NII-SII-OIII' 'SII-Ha']	2.313420874393624e-16	6.218458256894125e-17	1.4399460518722816e-16	2.1077265562638744e-16	9.061312409850185e-17	1.2201393990684264e-16	8.875871571954482e-17	1.2125592549686992e-16	67.04974743148651	76.46664874780345	37.11590441103234	18.822313745983234	111.26808873793243
816.7103	801.4665	4.9727344	['SII-NII' '' 'SII-OIII' 'NII-SII-OIII' 'SII-Ha']	3.6251236919452056e-17	1.4361149218254167e-17	1.614713274528142e-17	1.5982219333413892e-17	7.825515949247173e-18	1.153840765588201e-17	4.44381167753188e-18	1.047188460123042e-17	nan	nan	nan	nan	135.83768283415506
736.4289	699.09713	3.5272519	['SII-NII' '' 'SII-OIII' 'NII-SII-OIII' 'SII-Ha']	1.1627316522414774e-16	3.199913896085691e-17	2.4769022899603156e-17	1.0926996679574484e-16	3.8349470689544223e-17	6.523642808292242e-17	4.4033538712822417e-17	5.131817942532073e-17	nan	nan	nan	nan	93.10056706844665
628.64405	758.15922	15.254502	['SII-NII' '' 'SII-OIII' 'NII-SII-OIII' '']	4.649050494556929e-16	1.6407165289607887e-16	1.6323851674496297e-16	1.7719986470071394e-16	7.98693844491119e-17	1.0163925118497332e-16	7.556061351574062e-17	1.0687895629461574e-16	91.1112359839816	106.44944079196358	85.31678524172806	85.31678524172806	164.28294639276942
431.46917	778.22278	7.9306942	['SII-NII' 'NII-OIII' 'SII-OIII' 'NII-SII-OIII' 'SII-Ha']	8.826788013965888e-17	3.471368843524731e-17	1.2829898797123786e-16	1.16541680560893e-16	5.445331689551329e-17	6.552388187395176e-17	5.1017798686941254e-17	7.286789195527776e-17	141.94423482245682	177.2371166960079	204.8961925303414	238.84782133044254	160.1630745003477
41.171289	510.83181	21.133275	['SII-NII' '' 'SII-OIII' 'NII-SII-OIII' 'SII-Ha']	7.143115727523528e-15	2.215416630009676e-15	2.0320261308738768e-15	2.8865299239891532e-15	1.6242560342659294e-15	1.733792798684411e-15	1.1527371253047427e-15	2.173533587305674e-15	nan	nan	nan	nan	126.47468765338493
219.95449	575.00103	2.8188332	['' 'NII-OIII' 'SII-OIII' 'NII-SII-OIII' '']	1.0849804909150015e-17	1.6224698721184131e-18	1.8390630327347717e-17	2.05233828454173e-18	1.6495693670943807e-18	1.1055441617596943e-18	9.467941227820357e-19	2.2074071749350733e-18	265.08648882231165	345.8195022182741	475.99299083563744	592.55055467756	251.2192723260207
434.1124	509.32992	2.4010949	['SII-NII' 'NII-OIII' 'SII-OIII' 'NII-SII-OIII' 'SII-Ha']	9.77544546655147e-17	3.0468461769847835e-17	7.894519757019845e-17	4.044034761608207e-17	2.5296198624169065e-17	2.3503795779381543e-17	1.6936551836700528e-17	3.385065912076836e-17	57.518791179702525	62.785548240504255	15.454702240109402	nan	166.83862120670926
520.88504	479.82566	21.311277	['SII-NII' 'NII-OIII' 'SII-OIII' 'NII-SII-OIII' '']	1.5976817169682574e-14	5.183658955468863e-15	1.0013369993516749e-14	4.450793792165245e-15	3.827760028618024e-15	2.6139520379071203e-15	1.8368417542581246e-15	5.122200447977687e-15	33.265773171295514	27.918863847492663	nan	nan	201.4785087611172
124.50877	294.34214	12.880611	['SII-NII' '' 'SII-OIII' 'NII-SII-OIII' 'SII-Ha']	9.02843196669496e-16	2.05367969574357e-16	1.893062338904539e-16	6.184928021402523e-16	2.6475797453671817e-16	3.700058661187136e-16	2.4848693602153876e-16	3.542916498522676e-16	nan	nan	nan	nan	101.078404463002
439.65467	338.40951	6.5353696	['SII-NII' '' 'SII-OIII' 'NII-SII-OIII' '']	1.4672277510362944e-15	4.937178517290556e-16	4.0466297538643767e-16	5.192477758948007e-16	5.237548485994442e-16	2.982413603746485e-16	2.2100641552015222e-16	7.008739576329055e-16	87.20612074929505	101.88691534193401	79.89084732933348	76.46664874780345	118.41169800805898
512.72467	314.86951	3.5604009	['SII-NII' '' 'SII-OIII' 'NII-SII-OIII' 'SII-Ha']	7.654566299572536e-17	2.22648536223104e-17	2.276648868367636e-17	4.1871917482959516e-17	1.8596509336837642e-17	2.5341221237805857e-17	1.6530696245153656e-17	2.4885323986823143e-17	nan	nan	nan	nan	117.05601692066313
329.22347	291.18471	11.104163	['SII-NII' 'NII-OIII' 'SII-OIII' 'NII-SII-OIII' 'SII-Ha']	2.4920825495692673e-15	7.581021280824707e-16	1.781284633513043e-15	1.2891753014200802e-15	8.987129048791079e-16	7.581185415526032e-16	5.310567598674772e-16	1.202632246942895e-15	30.475278373642023	23.95026619987486	nan	nan	152.07793919943163
108.68187	351.27491	3.837078	['SII-NII' 'NII-OIII' 'SII-OIII' 'NII-SII-OIII' 'SII-Ha']	1.6487912774660217e-17	9.884455959460564e-18	1.1619110722163606e-17	1.565718408672603e-17	1.1318392847643704e-17	1.0223029680589356e-17	5.434154406136672e-18	1.514595389500406e-17	nan	nan	nan	nan	128.5268001693496
831.37303	123.57849	3.9038491	['SII-NII' '' 'SII-OIII' 'NII-SII-OIII' 'SII-Ha']	1.7611177396280602e-16	5.64719350518193e-17	6.688867268148616e-17	9.180131224835852e-17	4.4917927989285487e-17	5.379510085789883e-17	3.8006211390459684e-17	6.010790361693996e-17	38.777965313630894	35.52508103782977	nan	nan	125.92987941171228
836.66817	134.7764	6.686653	['SII-NII' '' 'SII-OIII' 'NII-SII-OIII' 'SII-Ha']	4.904344948546649e-16	1.37706620981414e-16	9.587209945620975e-17	2.1907561936284188e-16	1.1037637855909488e-16	1.2181018884243997e-16	9.726543052040192e-17	1.4770255488186174e-16	171.96260170078793	218.9774329977871	272.3931581773022	324.56080816314216	122.08701351856622
802.38807	40.163282	13.568219	['SII-NII' '' 'SII-OIII' 'NII-SII-OIII' '']	8.61808326605157e-15	2.4853332400663727e-15	3.451628308052141e-15	2.8018381333561122e-15	1.3248867392329694e-15	1.6536523777902286e-15	1.148185755565884e-15	1.7729260451233022e-15	22.427088116949566	12.689610031679221	nan	nan	214.99478317743387
767.90307	37.683282	4.9495998	['SII-NII' '' 'SII-OIII' 'NII-SII-OIII' 'SII-Ha']	1.4178040209995314e-16	3.919955399210357e-17	5.34178960638184e-17	6.496046182230037e-17	2.6534080696654016e-17	3.5112824583029815e-17	2.984763723927056e-17	3.550715797618779e-17	254.49232501570086	331.9988489277295	450.7994247138622	561.1877786132405	136.22800848434497
482.78307	144.78328	3.8342484	['SII-NII' 'NII-OIII' 'SII-OIII' 'NII-SII-OIII' 'SII-Ha']	4.9166153118686304e-17	1.3331535240828152e-17	1.2623155503227093e-17	2.260296064467536e-17	1.7250173234275524e-17	1.2045495567583311e-17	1.0557465077092046e-17	2.3083695009010234e-17	297.33506950263336	393.19892809774234	551.939958368395	691.2590365114932	106.62123855023026
230.16228	198.14179	2.5742425	['SII-NII' 'NII-OIII' 'SII-OIII' 'NII-SII-OIII' 'SII-Ha']	1.5253784876410645e-17	4.391037100603498e-18	1.2252226762529035e-17	1.7459080522341183e-17	8.678050454464755e-18	1.000479473131344e-17	7.454285791027741e-18	1.1612722216936051e-17	92.91811121184126	108.56049609166693	91.1112359839816	91.1112359839816	96.43840461658378
